document_id,current_file_name,suggested_file_name,current_publication_date,suggested_publication_date,fields_filled
0015da75e5f7650ba0fcb5ee32fef9cee838900b80db8116831eecc055445b4c,,Annual Report,,2022-03-22,"fileName,publicationDate"
002e150124cb3958e750b39ab02581c7068385a965cfe67780f63ea8cf89f47f,,Annual Report 2020,,2020-12-31,"fileName,publicationDate"
0035dddae22b86532657febe62dd84bd1738dfef17a7cf0871f8cccf55a10c22,,Annual Report,,,fileName
0047fe57c772cd14ae8e615afdcf5d7b15784a0498de13168f4f70076ff1a3a0,,Annual Report 2023 Enexis Holding NV.pdf,,,fileName
009dae9dc41e4342ebadbebd1075c8d08c8834d84fbd84a8d05f897531d0447d,Annual Report,,,2023-02-27,publicationDate
00a43ae3f5e1d329442778d15f9aa95d133d9c572dd315cb09495920afa0d984,,TAXONOMY_Annual Report 2024.pdf,,,fileName
0104f94aa08218fd733f50193493e8d36eed4bab9651cb2b1072ccf00d43c749,,air-liquide-governance-2024.pdf,,,fileName
0105e69cc443ccd7a0d38f69420b5d131872f85ed441687af390d5e266a90ca9,,Annual Report,,,fileName
012ac94e9121f1c355921fa359105a7fe2d187ccc6968c0bbb48c2682b535e81,,Hitachi_Group_Code_Of_Ethics_And_Business_Conduct,,2023-06-15,"fileName,publicationDate"
0149339fc7b1b37a6251efddc0fdeda380e739c67111848f3c85e02394bc10f5,UNH-Code-of-Conduct.pdf,,,2023-11-08,publicationDate
0193f021d543833c5f1b0f18042867424e5a3977afa1b92835cf8e5b63c385f4,,TAXONOMY_non-financial-declaration-2022-sustainability-report_kpmg-report_v1.pdf,,,fileName
0198595e06dc8ac40da4a9b49c41abfb5c01abca6dff07f7881a8c8b661b9be4,,Dekabank Deutsche Girozentrale/Deka_Sustainability Report_2023_GRI-Index.pdf,,,fileName
01a40f017eba5358277941b585d255c79b9f45e7db873a7cb1636b600089ae8a,,Integrated Report,,,fileName
01b804e3743f931aa7b476ee68fd63251ad0e4c668f1079098938561f4175f16,,8156009E94ED54DE7C31-2023-greenbonds.pdf,,,fileName
021051ac1dca39674d2b676af3e224524bab2f7f7563d5aae5adab73ee147d9d,,2022-human-rights-policy.pdf,,,fileName
021e7e05e83f7edcfabf838aaf956cca0a522476577242dc092b866e44ace935,,Sustainability Report,,,fileName
024ee0752e53833565c852406e69378cb5c45fb45ea45c3bb0fea9e7f4c5f4b8,,Annual Report,,,fileName
02568285ba17e934f3234dcf0d8937242e9312d54f59dde428310747e4946684,,Annual Report,,2022-03-24,"fileName,publicationDate"
0258ecf0baa8bfa407ca2299c3bf8eadc10514bd022b1eabc6c5d0b476c2dc78,,Integrated Report,,2022-05-05,"fileName,publicationDate"
02b745e8eb1935fb40a2082b57682bdcc1cfe9ae8c4067c8bd23de5dd09fdf79,,Integrated Report,,2022-03-22,"fileName,publicationDate"
02f5cdfb1fa5b223500d66fefd888b5ed0413cdc8e8ef458ea2ac7ab964544d3,,Integrated Report,,2022-03-18,"fileName,publicationDate"
0322440b21ffd7366599c7dc3684ad8c47a3d97be7af4f4b2b835deeeb22d9bd,,Annual Report,,2022-03-17,"fileName,publicationDate"
035118a1cc7cf851f06080c76b63433f6f054300777c48706d669df8de570b42,,VAT Group AG/Human_Rights_Policy-human-rights-policy-de.pdf,,,fileName
03b0ff0f1c81aaf7adc18fbf3b9e8a1614c7b24e8da508bd0239559b9ad5f4ee,,Integrated Report,,2022-02-21,"fileName,publicationDate"
03c8aa5d9d2f831ae1e19cc2358d6e3c396f9b349b16bd269f329f09dad09313,,Annual Report,,2022-05-04,"fileName,publicationDate"
03ea6fbb143a131227ddea56565199ff77e4a764f1d79b697881f59a94208b47,,Sustainability Report,,,fileName
041b471f1350516c33b31528208bf2616d1f0ddef8135bf440f78c34050e4ba9,,Annual report.pdf,,,fileName
043285e4a589c2831e29276e9e0aaea582269ca87a747f1ae22fdfbc445a813f,sustainability-report-2024.pdf,,,2025-01-29,publicationDate
046d601617a03386efc6530a8a0a01703ae0a1d2455ad62f68da2f7579060df6,Fresenius_Annual_Report_2023.pdf,,,2024-02-20,publicationDate
047270a4cf21892f566f35d84453275f0d3813689ae2cec0d2bfb7ab4c6c07a3,,Annual Report,,2022-03-28,"fileName,publicationDate"
0474589cffc2297ab9adc766f2926e66299a010c9733539b07e79518f106919c,,TAXONOMY_NATIONAL BANK OF GREECE_Annual-Financial-Report-2024-EN.pdf,,,fileName
048b3e663d11d3498dae384fae67ad33e826a659f2397150bae4b2d07d5a997f,,Sustainability Report,,,fileName
050fb8eeee7dccb8a11c5874d402cd2fbb4eb695529ddb8c58ff658135f1e393,,Integrated Report,,,fileName
054582777747ca448b0fd0731aef0fba95da8dd36991c27b01a985a221fe4eab,,Annual Report,,2022-05-24,"fileName,publicationDate"
0588416b19e179d9a538e0cd82d9a30b67ceb77204f64b46576839b64c11d13d,,Integrated Report,,,fileName
05f7475d2639c45ceb0b46880eebd2ce8a3ca03d92503c09612f367d7020fa7a,,Hannover Rück SE/NHB2022_e.pdf,,,fileName
05fab815bb95743d5a92098e881c4f59605a8a6c2a781810fc2051a22246b0d2,VISA INC./visa-supplier-code-of-conduct.pdf,,,2024-03-05,publicationDate
0620e89f27118c49a5bddfd852abfbbbfa38883fb135364fc223148071ba7c20,,Sustainability Report,,2022-03-14,"fileName,publicationDate"
0630da3a1802669e09418ecb4a5465059170d18849327002c821e6e15b9de808,,Annual Report,,2022-06-10,"fileName,publicationDate"
063bf7b45c24b2b81dc669a86ccc73caabe5f2ad607f9b4afaa55b312b834ad3,,esg-selbsterklaerung.pdf,,,fileName
065d5feef5c7bc6dfb0b625c9dfec3df480e3b687853309735b2fb667dd7b755,,ALSTOM/Alstom_Sustainability_and_Corporate_Social_Responsibility_Policy_EN.pdf,,,fileName
0684e92893f81f6edc449e4a86b3e04dfcc05a5f2be97f4eb478b4f3ee46be1d,,Annual Report,,2022-04-29,"fileName,publicationDate"
068ddbabfff1e698afd88fd9e59479272163fd86d0f6f64534e41e55a1708bbe,18-06-24_fltr_code-of-conduct-2024.pdf,,,2024-06-18,publicationDate
0695f6beb017591f5a79bd29af8cb403dcdfe5c51cf721af1acc3de37a0dc373,,Annual Report,,,fileName
06abb4c8f79a13ef8ae68e4bdb18daca912a6aab64b40861162eb7ad11ef9415,,Integrated Report,,2022-05-24,"fileName,publicationDate"
06f71de3bb3c4960ea9da4b39f3f1a565e7bc88344a53b631aeff96b3d19c5b1,,CTS Eventim AG & Co. KGaA/Nichtfinanzieller_Bericht_D_22_compressed.pdf,,,fileName
072e16030c00843fb72f7602e9f55e0b55a7ca1dcb815ca418eae538fd71abf5,,Integrated Report,,,fileName
07b6db03bf9a40abcd5bf4e9128730ba291f5e6a70186dec8881892aac18893d,,Sustainability Report,,,fileName
07bd5c2e0f184c314b3fd586b0b7a9c0f5d0d08edfb6117a5d6204105720ddb7,coc_digital-booklet_external.pdf,,,2021-06-08,publicationDate
07d5a1bb1be6fa1c7eaa44990041261448bc95924515973e7ae58b0227ceec8f,,Integrated Report,,2022-04-27,"fileName,publicationDate"
07dd17bda6caf38b9e50a27715ac519ceede627eab9f845819ef9c02065ef26c,,NextEra_Proxy_2023.pdf,,,fileName
084f7df4bb7319bcab37f0dfde1acabed1d69a7007c386d3ede3d6624310068c,Code of Ethics 2024.pdf,,,2024-03-18,publicationDate
08655877b9ffb70f3bf2d7ea78e66164619c40e9d89c69fc597c99c0ac96e25c,,Integrated Report,,2022-03-24,"fileName,publicationDate"
0868082b399707da642fefd5978e6b73b18439c8f2239a6459e5c9b3b79b1931,,code-of-business-conduct-and-ethics-for-deutsche-bank-group.pdf,,,fileName
0868b74a83b40b1a9034883428d5049eb1a9263bc3880076ff0663301cd60220,,17_03_23-CAAB_SustainabilityReport-3.pdf,,,fileName
087a87e611c0357d0184f5a0da77e5d49ff010df4c08c00f925771dc085c81eb,,annual-report-2022-eng.pdf,,,fileName
08c866ba09dc910fafc7e53a6fe9afb25ee3170499565dbe12aa08eae9333b78,,2024-10-k.pdf,,,fileName
08cb506ceabd8beb1e912128761fbcad2fc4e587d2a64e6f72804894f60bcec1,,Essity_Aktiebolag_Publ_Essity_Global_Resh_Policy,,2024-02-23,"fileName,publicationDate"
09114c1ffc3e39d9b95ce0fc33047b680e2343386b4148daec33a506fa7dd16c,,20240621_7C Solarparken AG_529900SUURYOXKCQ6Z90_2023,,2024-03-27,"fileName,publicationDate"
092025f0cd11460934c863389b4ffc25295acc8f6937c9dd79d23ef5186c42db,,Annual Report,,2022-04-20,"fileName,publicationDate"
09a0949b8bf3c4cb08026dbe0f7e67f76fcbe86091a058aba871166d238154cd,,Sika AG/glo-ar-2023-sustainability-report.pdf,,,fileName
09c27dd9f83272d56272044ea738035174a79b954471c5cae591852e075c3a3e,,akamai-code-of-business-conduct-and-ethics.pdf,,,fileName
09d0cdaefe523f31a702a2976b89b0f3319026a1e481ee642f169f900a426b14,,tm2415702d1_sd-gen.pdf,,,fileName
09eb6b6bdf2fa1746e138a16b7afc51249507588403553839225ddcd891258ea,,Annual Report,,2022-06-08,"fileName,publicationDate"
09ef247a537febf9a577d2df9e976b6a6ff47ed58176cf404a6e886425627ba7,,Annual Report,,2022-04-28,"fileName,publicationDate"
09f273bc0192a88ecdc92ede64ea6c90276fc5f4b6552a551fcff9f6c34701d3,,2024-Proxy-Statement.pdf,,,fileName
0a0476b35e827853de01d1f2b33c904ecf93094357af279d36d166932026ca4a,,TAXONOMY_Sustainability Report_EN_Master.docx.pdf,,,fileName
0a1f17da57398d6b46d72dcc99384e7fdb84ede02ce94eb2e0b438b69a8a06cb,,Integrated Report,,,fileName
0a1fe0f27d1d8310e39804225d687c661e34a5c074e23b83f561416fb36b1f2a,,The Swatch Group AG/swatchgroup_sr23_de_web_0.pdf,,,fileName
0a31af01b9352bc97efe023abc63c3e02d34e7f9bd9d0121112279c6721ac994,,code-of-conduct-uk.pdf,,,fileName
0a3fe0fbcc89b593390234fd4b61a8303dc4ca893c8e99c5bc8ed3151ed3e5c9,,Annual Report,,2022-04-14,"fileName,publicationDate"
0a66d4cc76c3b88d4e2b500c08ce6f47fa007d191e479254097b99564063c927,,Verhaltenskodex_Code-of-Conduct.pdf,,,fileName
0a7f1a40d8f6bd0527dbd1b4fef354894733c3f0250eb0150666db60e6bff8b7,,Integrated Report,,,fileName
0aa27745a252e57f2c56215494f5bd059b2ef48cd5a537bfd07d581b9608b5ca,,Annual Report,,2021-07-28,"fileName,publicationDate"
0aafa87df40d579095b906c0c4ef3fe51bf86a10833ccbe3935e196a9098a1c8,,Annual Report,,2022-06-02,"fileName,publicationDate"
0b0aafd2070c7f9f8bcfa71b5835c045be013d82411d43cede75d40354f4de86,,proxy24.pdf,,,fileName
0b1d00c04c43762c36cfa2a8949269c7752f37ccb9b9b56a40b2c866a8c798ae,,ar21e,,2021-12-31,"fileName,publicationDate"
0b2c6d63266964a32830d86e43d3792bbd98effd7cc6fcd939aa248209beb237,,Integrated Report,,2022-04-19,"fileName,publicationDate"
0b558a5b8251da94642792d96f912b3c1c533b5492bb5d8931d5bebd006da71d,,Annual Report,,,fileName
0b720580cacfd3cb4c913c95221693f5482f9b91a5aa7ccc98c5a4db95f22407,,Integrated Report,,2022-03-29,"fileName,publicationDate"
0bdd2e933d49005529dd891fff3d7c6eebc62e6e40cde702a182275dae6359c6,,Integrated Report,,,fileName
0bfcec91e203f9f789fc75a45bbed69f8d730dc59933f33737d00a0e9c6303f5,,Annual Report,,2022-04-15,"fileName,publicationDate"
0c18d69c69c616ed76a9581ccf2a2a9b96551836cfda8d9fb7d6cdd91d360d6e,,Annual Report,,2022-03-18,"fileName,publicationDate"
0c23bfbcc6d6dd14fed0dad3df2d006a89b83ae83579491b609b0622aa1287c9,,Integrated Report,,2022-03-30,"fileName,publicationDate"
0c27024296cdda2fdd319137a2646b1fdb8ad43c3b517198329b1848a609bc77,,APA INFRASTRUCTURE LIMITED/apa-policy---climate-change.pdf,,,fileName
0c2bd00a5daa1701f93a16613cc0ebd21b4853797dcdbdc7ccf02488af0ca98e,,Annual Report,,2022-05-24,"fileName,publicationDate"
0c38fcfd5299fcf80e7ea912c551ea8f8e53d262f0e2745e05c941b13bd7aa99,,apa-policy---inclusion-and-diversity---june-2023_web.pdf,,,fileName
0c42090c546cf2eb291a7261c9191c51c3da207bab7bc0abb6787f9a519312b9,,EDAG Engineering Group AG/EDAG_Grundsatzerklaerung.pdf,,,fileName
0c4c6918cac7eaf38d1ae5e0bd0461b7f41e6cd6be25b114aa295541e2a7be69,,Sustainability Report,,,fileName
0c51f9713f6df862b16cb77f219529c39a2f05ba93b52a621855e93ae093e821,,Annual Report,,2022-06-01,"fileName,publicationDate"
0ce3306805ca322f6509d59176256e07068b388d92c16fc07e44a9a3c550e144,,Sustainability Report,,,fileName
0d7e847ed6ef87dc9c2737bfa6b42fa5308c81d7dcd4e929c96e82304036482b,,Annual Report,,2022-03-08,"fileName,publicationDate"
0d80edd03aa3a7dbe8a90603f21845992d67f7b8f4ad802b05923c0dc4ba2191,,edenred_2020_anti_corruption_policy_vf_en.pdf,,,fileName
0d8ad57fbd09d9a857ca809f76bd99e995a8a26e735d5d55bd523e3b6a39fc6f,,Annual Report,,,fileName
0da5f51319e415d8beb8843ef1d4b7cf2aadf43c336927ff3b7e997a2cc3a383,,marvell-investigations-policy.pdf,,,fileName
0dc518430c63d1c29154ccab3f9db2c8e7f35cb24fd0c3e42847bea7a599e87f,,Annual Report,,,fileName
0ddcb736e926ea49951ad2c445aaa3b2718a733838423e4982a0ce245fde81cd,,Airbus_Annual_Report_2024,,2025-07-04,"fileName,publicationDate"
0e6bc0ef3a5932903b1d0576fa787231a2712d53e0ff217c20ec9f30b4275d2b,,lbbw-sustainability-practice-2022_ae45jn91ci_m.pdf,,,fileName
0e6fd21829841e89800f507640950b6c5b88b8cf7b3d457f9a571668f410f216,,Annual Report,,2022-03-31,"fileName,publicationDate"
0eae823358b8e327c380dfbb22b53ba491ea9bb39749c34622487d63635ea8a9,,Siegfried_2021_AR_Full_Report_EN,,2021-12-31,"fileName,publicationDate"
0ee345e369313cc79d20bac4c99be0d5c2a7fbbb34a191a179653f6f68556ef7,,Annual Report,,,fileName
0ef24c8860dad33d455ef17a65e17809ebcc3987fcf297ed6b2211a4de824629,,Annual Report,,2022-06-22,"fileName,publicationDate"
0efdcd84f982697b0509b81492162f90eb870875b7a477dfe099532762bf7c25,Human+Rights+and+Labor+Practices+Policy.pdf,,,2022-06-09,publicationDate
0f0448304699f21893e41044ec0eb2d2f7206fedf7ed01695f5065e9ed5f5135,,Annual Report,,,fileName
0f1517f04c5e4f9dbf4034c50b33f91b5f238a427120e2baf20d83a6b596a8ae,,Lowe’s Human Rights Policy _ Lowe’s Corporate.pdf,,,fileName
0f1704206ca3ce953404895ca21dd0e71304eccf4216c61ff9f92144197bd2f8,,Annual Report,,2022-06-16,"fileName,publicationDate"
0f21a73aa87c35a5e1ef87859d1dcc7c7e686f7bb9e7a1409a48b287c11f052d,,Sustainability Report,,,fileName
0f2c14946579829dd94d4a249bd526acf00136946315f694ac68c76ce4856e71,,whistleblowingpolicyandprocedure_en.pdf,,,fileName
0f325406a9abdd886b091cbe84e6c01e15abea9d4668667a3278f956a5d4283e,,European Investment Bank/20230300_eib_group_activity_report_2023_en.pdf,,,fileName
0f5fdbed396485ee49ede128a407114c30bb9b86edb7d2aa18d576a55a0b2b2f,,Integrated Report,,,fileName
0f6c0a4ef5bb2de4eeb7e04fab09516028002ce4009d98b95f4b82a23ee378ab,,Code of Business Conduct external 11-4-21.pdf,,,fileName
0f901be40247aa501b6f8b8a31515726a27cd8e83b0be428fd1320f4b278ebcf,,Annual Report,,,fileName
0fb8432f712a34ee57d98d255b2b493155ab9a1ec1cabc527940e38e2d3c5b54,,Annual Report,,2022-04-29,"fileName,publicationDate"
0fd73b67217d4a11c17f60c0156051500a3b4c8f39baa7160700b93765f2d16b,,Annual Report,,2022-04-21,"fileName,publicationDate"
0fe99d513caa3cdf31702d5b101ad066bf49adace1e6000e55d2386699241f51,,Sustainability Report,,,fileName
10146980427275a37ca3436b5894e99f142f245d0e12e699d07d25561286fc7d,,Annual Report,,2022-05-03,"fileName,publicationDate"
105d053660f86e8d7ae39e402600187edbef1799e370760e7c71522533d4eed4,,Annual Report,,2022-03-29,"fileName,publicationDate"
1089a57a01d0a9ea2aa6959e1b25a9f29c6f50d8d62f86e42b51f04bd00f048e,,Annual Report,,,fileName
1091890610a247a029bd0d49dcdcfacb8e69465d4c6fb98623a8fe1411c2c8f5,,Barco-IR2023-CGR.pdf,,,fileName
10993559425a543232c890d8532c2276df7f5fe3c650346c4c44aecc07ab93eb,,Integrated Report,,2022-03-16,"fileName,publicationDate"
10ce5199981b3e51490704df020b23df5d7e521da43258f2fe11bfcdd37c3e6c,,Sustainability Report,,,fileName
10e36bf84059038c114ed5dc0235dc81b059f4a9ce8a9ce21a110a3a67c4bbed,,Annual Report,,,fileName
10ffbd0ca40a1e51eedb5401ac503f769620985a28c7f19388ab2a44a2a0d8f9,Sustainability Report,,,2023-03-01,publicationDate
11229a9256cb6b1c50fb388aabdd07c8c44da2b10b6b1fb611dbd0f569052efc,Mondelez-International-Human-Rights-Policy.pdf,,,2021-12-06,publicationDate
112c99be2ccf8f5118a3194022cb376230c0e03bac3dbc652c655c0da68cee84,,LenovoPcHkLimited-254900OBDT91LUQECI46-2022-ESG,,,fileName
113016a85f5f83906e5be07bd558b0cf827292f5cb2c8336bbf381456e6f92dc,,Integrated Report,,2022-02-08,"fileName,publicationDate"
114a806fc49d41f1091658884a414bcb43e765d6a5628034118ac59cf837f31c,,2023-Milestones-Global-Human-Rights.pdf,,,fileName
1154b38b3adf7f76b8c50f528a926af8f2e68829df7ee8075b7cab32bdae335f,,Integrated Report,,2022-04-04,"fileName,publicationDate"
1156193f6e89e015406745c876a7619f9768ec6c70774b9977c10277c74284ae,,human-rights-statement.pdf,,,fileName
11819a54bd0e751c0683de9fa1aff70afb937461eed998316c08a41ea41bd83a,enbw-annual-report-2024.pdf,,,2025-03-26,publicationDate
118ba7f25a7fe1459d728ed72da012f5e80d9829b5e137f026d3586d596b0399,,Annual Report,,2022-02-25,"fileName,publicationDate"
118fc5ffbb0d6cfae86aa87b32d07b9aa21a449ad7dddf417da2435896cdef7d,,Group's Principles of Action _ Air Liquide.pdf,,,fileName
1192add08b99434f65ccb63ad0a203a3bfc154a5decc78f99fcaec38a2063532,,Annual Report,,2021-07-16,"fileName,publicationDate"
12016d431c36464a429aed46b28a577f017db5de2dd6a506021e2b28f9cf0ed1,,Annual Report,,,fileName
120e64a1aa6557ae11e703d907331dca5b68d2813a489ecf600ceaef6ff6e12e,our_way_bh_code_of_conduct_english.pdf,,,2024-01-17,publicationDate
12164fe5384db2fab57163b4b41c7d92fe5b264714dce68d07840b4bc302e25a,,Annual Report,,2022-04-11,"fileName,publicationDate"
121919f79c98f3fe469124b627bdad4aacd15062f088562e37aa9d27242a6902,,Annual Report,,2022-05-18,"fileName,publicationDate"
12313ce18e7dd8d49240df29d97c7cb4246afb5e1e53c9a1a658f6821c81cd65,,external-english-code-of-conduct.pdf,,,fileName
1239b1c98afc811f0333eba7830d3f15069b67b694fca85467a7c15746c38086,Sustainability_Policy,,,2025-02-05,publicationDate
1248bc28b5e1724c9b658d00f508ba49f39ef5c103c4bd30aeb2a5f030f8b3d5,,Annual Report,,2021-11-17,"fileName,publicationDate"
124f3b9259fe5dccf2c08a8d792d09ac005de6da096b5f5ef36a1120a9d0b537,,Global-Code-of-Ethics-1116.pdf,,,fileName
12722336eaa11b727c80662340d8dcc076a6a688a1fd64ad66869ec650fa2c5f,,Annual Report,,,fileName
12ac42f90030e198c6356f84963a0a7b2d9e2f8570a101f4d3700ad43324fdbe,,Sustainability Report,,,fileName
12b63396a4a64298602a09be2177940ce74ab718a5bb425cfaca9329ce48a079,,Annual Report,,,fileName
12bd8970560e08974abb9576188f326b2d9f52dcd6e20dad2d6bd4882e31e801,,Integrated Report,,2022-04-12,"fileName,publicationDate"
12d54b4831cea7913451ba609b29a3d0b07cee94e44d6d91c53fd90651bf3c91,,20240522_HH_NFE_DE.pdf,,,fileName
12df3a54d18fd6137b6464c5e2ca5c751600214f2640f685cfb7a574d98202b1,,brenntag_annualreport-2023_de.pdf,,,fileName
1302a324b97f79da94f75f23691e9c41d36efa5ef6dc676fac68fd4a303085cc,,d451342ddef14a-gen.pdf,,,fileName
1339ab795ef6bc99619845cc24b300d9337dd1c0d44154719c615630002a4a8d,,Annual Report,,2021-09-29,"fileName,publicationDate"
135b81ad9bbc62147738fe7e00ef5ba1137e149ec6706e9b4b3182a632215d6f,,Annual Report,,2022-04-14,"fileName,publicationDate"
13714063aca1c252c1c576c546d69f11f4ac100c02f436c5a0ea8dafa170179d,,Annual Report,,,fileName
138690451de504626dc65e3c54cf26c4dedb5f5ba70d48e8b418c0516f048379,,Integrated Report,,2022-05-16,"fileName,publicationDate"
13be9396413ed00df8149cff449a9576de677e23ed410b52a6a862d98c06cbc6,,TAXONOMY_Sagax EURO MTN NL B.V..pdf,,,fileName
13e0109d133f8eae91459280bb0406aa02fc564deb70372569ca055da139f37a,,Annual Report,,2022-03-27,"fileName,publicationDate"
140874bec9ab39587fc30243ecb2a9b8ee7364f891e313843e6700a5a4c0b8a3,,Annual Report,,2022-04-08,"fileName,publicationDate"
1413436b79bce75dbe633307692468d11b00aa319b29489eb96a8c61137e184d,,Annual Report,,2022-04-26,"fileName,publicationDate"
1415d71f069789c07003832a7d1d881f1ab54f09784131a47a2f8db7dca71383,code-of-conduct-english.pdf,,,2022-03-23,publicationDate
14350481c8c800d4af2aee9d2e0e0a629a36123fc60e966fb4b1448dcea907bb,,Human Rights _ General Dynamics.pdf,,,fileName
144b2f5f62d4583fa7c9863e5cc98ebc4940bf167cb40cd813f134f35491217a,,Annual Report,,,fileName
14b0ce59b04d6eab162e62e681d6a13fec47ceea438380c7912a8e7e439f99c2,,diageo-gender-pay-gap-report-2021,,2021-06-30,"fileName,publicationDate"
14cd2ff0c2c4a334b7affc073418bf91b698bd46f98d0ba19ce76f1c9b76c88b,,environmental-and-social-risk-policy-december-2023.pdf,,,fileName
14e1e7759dba3cb97223707fb040372b5833ba17f2a166cfc66cccfa77b93f99,,Kellanova Global Supplier Code of Conduct 2023.pdf,,,fileName
14e415d8f4ba05914b08692a5b8d98c93a109516dfdba1e0796c7d1f5bfa8149,code-of-conduct-and-addendum.pdf,,,2022-12-15,publicationDate
14e6100bb94f607caec96a170e2130ed2cd037e7a526bf61e0f74e559f5709d6,Annual Report,,,2023-03-27,publicationDate
153914cb99d0ee9445c5dcaa445aaf22acdb788749e1a90cb56078484673344c,,Annual Report,,,fileName
154e565ac3848be2180777eaaf8fdbe80b89ca3f704734e283547e9dce6dfd89,,{78f9eb58-827a-40c0-907f-a8d657b8ffeb}_Firmenich_AR_2021_AW_Final,,2021-06-30,"fileName,publicationDate"
1573acc4ec522d8428d76303a35c082ec65785d8c4e68fef0bc9d1bd3aa57604,,2024_Code_of_Conduct_(English).pdf,,,fileName
15928891ec452e9395b2d9467b44b02fa404349da55927c9d6711b4b330dd0fe,,Integrated Report,,2022-04-20,"fileName,publicationDate"
15e2723498222895916a27004c10ef3d4c3c8b521c5a7e0c091119162c657805,,moody-s_proxy_statement_2024.pdf,,,fileName
15fc60ce6a8bf3a46e009594ce8f9af1803e41f26e67e0696041af7d6d55c3b3,,Integrated Report,,2022-04-29,"fileName,publicationDate"
160ea255432986697f0918a580ad7855abca5d0fc5f7baf618ba7df1d6fcff48,,Annual Report,,2022-04-08,"fileName,publicationDate"
164313a49ea6fc22b3a8adf7c218db8d86faf48283bca2f3a2b524c00e0e76df,,Annual Report,,2023-05-24,"fileName,publicationDate"
1655c2a78cf2d5d6c72dd28a4f9500142bec7bc0cfd7dd71f463680ef93f86f7,,Integrated Report,,2022-04-28,"fileName,publicationDate"
1665ce8358fca63a97e8cff595e51e8ce5943e93196a5e6f36001ed357f05ec5,,Annual Report,,,fileName
169269007649c697db493de22b59d1bfb60533479751c78b8165919ad2e485d9,,Annual Report,,2021-09-30,"fileName,publicationDate"
169927721f2bd8ea082581ba0ec0f5ed48ea36e109b6678159d0ee160ecc5097,,Annual Report,,,fileName
16a62b9463f55e3559c827acce46ee12288e327b17b0ac90b27e704e18c53547,,Annual Report,,2022-05-11,"fileName,publicationDate"
16a977993eb789ff6f9d5b4aecf7ffa3db8ec352300cdfccda9d8908e3163905,,Annual Report,,2022-04-29,"fileName,publicationDate"
16c4bf6d7bbe0391d0b2bcd74841e0a6232ede5fe6352c7df5b81c473c1c64a6,,lseg-annual-financial-report-lseg-netherlands-bv-2023.pdf,,,fileName
16e938344b7b234d907397498a1398eb086aa51f759731932b2c23d0ec205c41,,Annual Report,,2022-06-23,"fileName,publicationDate"
1700cce2495682bce60f2f1efd43afccac3e34efb9318b928ce828bae0525798,,Business-Conduct-Guide_-EN.pdf,,,fileName
1715bd2ab705467f2eaed282fc1ce55026848418d211a26baae0c63b1d42accf,,Gender+Pay+Gap+Report+2024.pdf,,,fileName
17184336833fe5486c5c5e7be89e060372f98613937571f1ee38714ddaf7f3b4,,Environmental-Policy-November-2022.pdf,,,fileName
171a895479a258b2a93a58d59944e6b04ae4cbd0c83715c3eaffd92e84ae7519,,Annual Report,,,fileName
174b274806b0b439f48b40dea5958b3c10069fdae35725d5eae7b187f65a8827,,Annual Report,,1970-01-01,"fileName,publicationDate"
174e40d001bf59252472f1399aa6af1988d90d4f4ca218e182436580da42a5e3,,Petrobras approves new Social Responsibility Policy.pdf,,,fileName
1771bb332b2fffe78efa2bd1a77f78fc7743b428c7435308db897e1337821ed8,,Integrated Report,,2021-12-17,"fileName,publicationDate"
178937a38da2b5693ff0c181301e10170ca840863afea24c5bc1ecb4d70ef217,Annual Report,,,2023-03-28,publicationDate
179009cd152f404cf9e4c7e063248bde27d3714dcb04db9e6da76f72914866e3,,Sustainability_Policy_2023.pdf,,,fileName
17998bbee4d153cec5e997c1b0e68e206f7208806933228dcd935246a9f07c46,,Global_Environmental_Policy,,2025-09-05,"fileName,publicationDate"
17a93a6e23f5e22a76108defa00a465a04c14afc71c18f4df466130739b03717,,zoom-msa-statement.pdf,,,fileName
17cc765c35b083dedfa8c66cec330b98534f52cba1509f86cfa33be7a5f89381,,ar20e,,2020-12-31,"fileName,publicationDate"
1833917d010e47ee3973deaba2c72806dc3180ba24e29871b73c661518a6c791,,Enexis Holding N.V. - Jaarverslag 2023.pdf,,,fileName
18355eebd46de5350e6bb1a2b6b8c4a7182f736845467cd1e992d5e08a00766b,,Annual Report,,,fileName
184b536d5fb9dab83fe4f08189abb7110605e0d9aef912f100e741a95c9d898e,,Safe and Healthy Working Environment _ Renesas.pdf,,,fileName
184f7ca60ff25ed46f6d9fe14e8c9b9d80a45356a77999284bb28b339fda1b68,,Annual Report,,2022-03-28,"fileName,publicationDate"
18536b71d04a196faee2501f2a409542454dccb0d47c8721725673113203b2ed,,PERNOD RICARD SA/Pernod_Ricard_Annual_Report_FY23.pdf,,,fileName
1858f1636b4a2b5724c600a2f46cc0480115bb3e16f84a800c0b1dfde7a0fb7e,,Comcast 2023 Statement on Human Rights.pdf,,,fileName
187a943e7cd3b23e2ad3d16dd1a13d5f1608551a290adca5f687cf3e6485e832,,Annual Report,,2022-03-31,"fileName,publicationDate"
189b2afc7884808896b41e740c396a2f7dd0a808c31d28a0f71fd516fccfc213,,Annual Report,,2021-11-23,"fileName,publicationDate"
18aead07c0cef0a9c90f3fa1eecbb712545629a293e30e7df71d83674c922d5f,,CTS_Eventim_Verguetungsbericht_2023_ENG.pdf,,,fileName
18e947819ad287bffc9be35679bd64582f7809aeab829614b5b14f1137dd844c,,Annual Report,,2022-04-14,"fileName,publicationDate"
18f1448930e16b8db0f0f7036236008f938b9d2b11112d25f83aa342b66abb1e,,DNB_Boligkreditt_Annual_report_2023 (1).pdf,,,fileName
190f6c6ffcc3782c2ef2c995d3d04871cd02c7e8c206a81bfa4cdb2800e15657,,Annual Report,,2022-04-28,"fileName,publicationDate"
1924e5f2cc10705c97dfa297e709e23366b7a0ad47bc5ea5423c054080f85770,,CGNX-2023-12-31-10-K_Annual-Report.pdf,,,fileName
196f379b77d7fbc68a75b49cb4fba53956c315ea878d762bf67649dfc2b6df58,,Annual Report,,,fileName
1973f7c089eb6a17ac183c2bab47246efe5869a99405eb7dd235ad7dc370565f,,Integrated Report,,2022-04-08,"fileName,publicationDate"
19eb07cc4ccef117c3c920fcc3b27ad3026f16f704171794e8d14ac25e401240,,2023-Remuneration-Policy_eng-2.pdf,,,fileName
19eb61c3988c9ff4bca4fef513e3732cfa1988d7e48abfbbc925263ef060c603,,Sika AG/glo-ar-2023-un-sdgs.pdf,,,fileName
1a00973fb44040d98d6bef9ba9b7c628cb93ff0176b0dc279a1dabd9cc810cc1,,Annual Report,,2022-04-25,"fileName,publicationDate"
1a4c453a5d6148e58c0b1926878e11e293f64351d1a2457985b35d1fa4db27e6,,Sustainability Report,,,fileName
1a6312d04f1dccaae305abf67a7f41c8b05359dc026f7ca7c2ad8b7cc1c24701,,Integrated Report,,2022-05-03,"fileName,publicationDate"
1a707eae00be43697e77cde06db7e08edb75a5fdd698806b35ec2743c0a70ddf,,Sagax EURO MTN NL B.V. annual report 2023.pdf,,,fileName
1a808c40f36b180b9fc5aacb1145b1521d527524d8a3b50ce91fc05a97f4133c,,Annual Report,,2022-05-25,"fileName,publicationDate"
1aabf0a90010321669d691e56c2227f446fd0835b109e28565bf65a739258850,,atlas copco AB/english-business-partner-criteria-letter-2022.pdf,,,fileName
1acace2e65fd1b0714aa4064f3782dd3194375c205d46215507a7fd54f4cc0ce,,DNK_2022_Sparkasse Rhein-Nahe.pdf,,,fileName
1af0b819d9010a64ceb462f4feb0ccff73c662c3c1cfd5deddf6b116c44f3e2e,,Sustainability Report,,2022-07-01,"fileName,publicationDate"
1af36845e83f7fa91f710f6d35ef55fc428b88bfc2d12be3812dcf3b793c10ab,,Annual Report,,2022-03-24,"fileName,publicationDate"
1b13d5f97cd53ed3ba5dba7e1f0abd9f3402abd14d9f767b75f6d359ae618081,,Annual Report,,,fileName
1b18885d403a3b1c9201fc0bd77892680c9ba01efd94e7a52bf5b823c39f1153,,Sustainability Report,,2022-05-03,"fileName,publicationDate"
1b250ce3de0f5def8f49899fb381cedfa9bfba045e96c69b13b450c5228b317f,,Annual Report,,,fileName
1b313f8e0d30f31fe83ea3900619d6c3423f2910199d8a69e25aa1519ad65a83,,Code_Of_Business_Conduct,,2022-05-24,"fileName,publicationDate"
1b489594009e0e3ba32bbae4a55edf23eee8ab3bcfc9aef13053c8993699ff33,,relazione-gestione-2023.pdf,,,fileName
1b678c955cd77a5277fa9785cdf4817803aa376a3952d8f30a006a8338b82e9f,,Annual Report,,2022-06-21,"fileName,publicationDate"
1be84a1cc09572bca4127c83618fe23353ed09c51043714d1895c23221b8733b,,AIB GROUP PUBLIC LIMITED COMPANY/code-of-conduct (1).pdf,,,fileName
1bffef518d42a2266f577e477065eb3b41467df4812559f46429dab4dd12d767,,Annual Report,,2022-09-19,"fileName,publicationDate"
1c013f3f06883ddbafa26237fc37f459cd0793cc2efcead87b7fe1855ad120d4,,Sekisui_House_Group_Corporate_Ethics_Guidelines.pdf,,,fileName
1c18303c93291f61cbc2d976ce9b1ebfa9b072c9b5a08199763337d8b2e80ac6,,DE000A0HN5C6_IntegratedReport,,,fileName
1c3eb109e17015a81ca56961048bfd13318fbd43c0cfa05be939044b99908c71,Annual and Sustainability Report 2023 Porsche AG - consolidated financial statements IFRS.pdf,,,2024-03-07,publicationDate
1c487ff26b114b030607b178aad9ae378af08d6bfb16627af582aa1c4602077a,,Annual Report,,,fileName
1c76efebb3bcb81c501c690157b65f17088205162420334e642c453252da9536,,Integrated Report,,,fileName
1c7f3b8ec9d6c60003d7c57864e36b69a8931e6d7101bafbf149db625a1b506e,,Integrated Report,,,fileName
1cb122ad098696caaa7802ed2585b3da87d1c91b804f217c585cd6dfd76d8b69,,Annual Report,,2022-06-13,"fileName,publicationDate"
1cb755d1bc17bfcd723777441329b8d6e395991cad792a0bcda29df5bc55cb0e,,Annual Report,,2022-04-28,"fileName,publicationDate"
1cca5cead217f804595000247d76311cb41826db4412425322edd659d6414d79,,TAXONOMY_Integrated Management Report 2022.pdf,,,fileName
1cdb8f019a4dabf7fff791f0732b0609110f5c88504686d2fc5469178bd250c6,,Zoetis-Proxy-Statement-2024.pdf,,,fileName
1cfdb7555750672a43fd95051581881bc5ef8906d0eb9b00e23832be39e9ef1d,,Annual Report,,2022-05-24,"fileName,publicationDate"
1d23623ceb57c089f8584f2ef12d1a36526485dd78e89df14768d8fc5fc3e25a,,upm-2021-ghg-inventory-scope-3,,2021-12-31,"fileName,publicationDate"
1d2395a7ce126623fa767f659ed374ff2267087fb0893b22fd41b2bec1d19229,,entire-basf-ar22.pdf,,,fileName
1d36a1a9b96514e27a9888c1a3c86b1706f16457f8fdfe258539ca6d590d456f,,Landesbank Baden-Württemberg/20240524_lbbw-tax-strategy-2024_aic1m89gsi_m.pdf,,,fileName
1d53c0c778f330a1d0a79cf054f84df7e7b285a6afaa9a94dad98b53d1851916,,SAP SE/Integrierter Bericht der SAP 2023.pdf,,,fileName
1d5e9451011a2342b6ca0799129e589fd3be4edb14bd5e73846eb09396b23ff5,,Annual Report,,2022-04-29,"fileName,publicationDate"
1d7f281281a5eddd1f4baced64f0819a552d3c5d74f7900ec62747ba608d837d,,2024-Proxy-Statement.pdf,,,fileName
1da8ff15f25572048d2f0b86f9a6b3e6b646f962feb659f6bead2d436269e03c,,Integrated Report,,2022-06-03,"fileName,publicationDate"
1dade92cff4f19ab1b9b9f1d45140dc40c4f268ea7ff73954537b44ba4b677a1,,WHISTLEBLOWING - CA Auto Bank Germany.pdf,,,fileName
1dc3a9fa9b73f0bb2a6d35705030bbd18055dfac5c71eab4cfeb60d2e2f54092,,Annual Report,,,fileName
1de3787c94efaec7043e0fa40eeaacff4489a95c83120652d7824642634f767e,,apa-group-modern-slavery-fact-sheet-2023.pdf,,,fileName
1de3e003715ed1176547cd0eb2b811d3f15c1f1b13d0c584c9e8cf8cb335f637,,Annual Report,,,fileName
1e18dd6ea9d47f7f0955ea734c97a5190d17a66afead602d9220e00fdc13ac3f,,Sustainability2023E.pdf,,,fileName
1e21e0e8721a40aed217b929d9dc596051a112811c7d359e9b54d4cc45f1603d,,Annual Report,,2022-04-13,"fileName,publicationDate"
1e46776ba8e3a629d18ac7f7e3be7cf46263caf7d1d50879ad88463c7f4e76ad,,"MARS, INCORPORATED/Water Stewardship _ Mars Global.pdf",,,fileName
1e50d70500c58b40682137173e47ef229f6eb4ad9aab1dd1aa9cc910051a22b8,,jpmc-esg-report-2023.pdf,,,fileName
1e7c89bc04703be1f557d90a6ba081b8073ce43602ba2287870b3f8c56237d70,,Annual Report,,,fileName
1eb468445b7b2ac3bd375d519a9c80f79a2c0c3769af55dba11175cb5d34ecc9,,CONOCOPHILLIPS COMPANY/23-0966_2022-hcm-report.pdf,,,fileName
1eb48a7a20016a3d92398ad204a509735364e7f0f935568ffe4611f3e9faad52,,6756U_1-2024-7-1.pdf,,,fileName
1edc5cae18f616c0f98b1a36e06609be4fe3d974db04f3473a40597e56d75090,,Nexans-urd-2020-en_,,2020-12-31,"fileName,publicationDate"
1f0a0583f4d36acbc15adc1d076c8d82819a9e807f884389de1ab040384618c7,,discoverIE-Group-plc-Supplier-Code-of-Conduct-February-2023.pdf,,,fileName
1f26870785c8692ba53d7a156b09362eef26995dd6f8d4bd251098a2385d258b,Sustainability Report,,,2023-03-26,publicationDate
1fb10bbe09785421793e7dcae19856ba8617c19a44500f40eb7999659e01b259,,Canadian-Natural-Resources-Limited-2023-Modern-Slavery-Report.pdf,,,fileName
1fb713c315c89087e0b1b76d2c54b71b587da6182656bd784ce8d6f8dec8bdc6,,Annual Report,,2022-04-29,"fileName,publicationDate"
1fc5a10fa031f3051338d3b8ed9c9c8364ade9cdf6649128e930720f78a06326,,annual-report-nordea-kredit-realkreditaktieselskab-2023.pdf,,,fileName
1fd979d2eb88e3d67daa1c03249722eb9b41ccce12d783842b9ed47bb34acbb2,,Annual Report,,2022-04-27,"fileName,publicationDate"
1feb18bd06bc0d3987a045e01405c8b551214dba66f5accf584d35861767b56f,,Integrated Report,,,fileName
1ff7ee2733f4b1fbe66f2c41972574102046ddc41caf33d8ad4130eea6cfca7f,,Integrated Report,,2022-02-18,"fileName,publicationDate"
200493a2e99945221786e733b387d2dfed13806d0075acb45b07593ab072a684,,TAXONOMY_elringklinger-ar-2022-geschuetzt.pdf,,,fileName
202c2d09299e16e41735577ae5c32e497b1d025a022e856b46a45b5e13b28836,,Annual Report,,2022-04-29,"fileName,publicationDate"
20527d829f24fbf1249f32faa509b18647282a71a51d2f0c284fe0e1cc2afbeb,,Annual Report,,,fileName
20555f1d8c2313d5cf23f12b606e16e1c12b5616a2814339bdc15bb764bb0d38,,26_SAMSUNG_business_conduct_guidelines_2016.pdf,,,fileName
207e3849611ef72c7b9d5b7b515ca7682366cd9dd849ec755a0bd5146abc7d49,,msg life ag/Supplier-Code-of-Conduct_msg-life_DE.pdf,,,fileName
20c694113b249cd74d512205986b305fbb281f58ce26ca852094c5871092f7c9,,AIB GROUP PUBLIC LIMITED COMPANY/health-and-safety-policy.pdf,,,fileName
20dbf322d919581e1ecf071638cc682fb4799eb9e45ce247fee2572166458824,,Annual Report,,,fileName
210b59ab6284bd6bd24ca2a1c5c7988d34a373c08f12d355cfc34c2f423972fb,,Annual Report,,2022-04-19,"fileName,publicationDate"
214fb701745dcddd63e46f57ce37c29480aae03b3580b8859438ad98f1984fff,,Bayer-Annual-Report-2022.pdf,,,fileName
218abe9ccb2aeb9815ef6f9a9dd337c1be4d390348c61ae7a6fe4588127be85d,,AIB GROUP PUBLIC LIMITED COMPANY/aib-responsible-supplier-code.pdf,,,fileName
219b4b70915a1c0f79cdb3f168bd4cda20174be4619971a1b5c0b31e97ad7fab,,Integrated Report,,2022-03-11,"fileName,publicationDate"
21c4647e614e8ad66e40ef866f85a833c23abd3e88eed9c59920114645263e42,,Annual Report,,2022-04-11,"fileName,publicationDate"
21def6a75ba422c87059cd7c90e65f473d45c70b256948ad1caae7cf7dd9d842,,Annual Report,,,fileName
21e59a32ace924071579a1ef817679a98a35f92a57c5b1d629765cf2cec163f5,,Integrated Report,,,fileName
220d8e13adfe3ba1afa9792fb59a6fc4d4a52418b1d28b7a60f460d8c7f230d5,,Annual Report,,2022-03-24,"fileName,publicationDate"
2217623ae14781254ec626c215cf5fdd2fe9f795ff5f6b673c716b9115e856cf,,Annual Report,,2022-03-14,"fileName,publicationDate"
22283ecb2bea6bd17e4afb67e6aef00e597ea3a0f5d99acdec34e295c3addad9,,expd-2023-annual-report.pdf,,,fileName
22792ab9d5dc4697d2d578a306994d562e973099756ff5fab1d1dfa2d120a6c3,Nichtfinanzieller_Bericht_EN_23_240322_2.pdf,,,2024-03-13,publicationDate
229dca53ca64ce6d8bead2744152b5b278908cca364613653bbd63c9fbd75c5d,,Annual Report,,,fileName
22dba808ac3f95059939ec95a03a1b4b880182c9f28dacf72f83d536197c0e65,,Annual Report,,,fileName
22f5ddff880a58309ce12c640332de82d13569c4e1628d4351fc80b9cad408ef,,ORACLE CORPORATION/EN.pdf,,,fileName
23403d586afac5441f0017c585fdcfae8cc0cf409dfb424808a41fd6d3baa256,,Annual Report,,2022-04-04,"fileName,publicationDate"
23447c2dd669f42ab7fabc1d81ba1d276aa68de1d937faaebf1af18c132cb636,,202402224074-1.pdf,,,fileName
2353d1decd4a554d4f8ce8f04bc36445820d9e249e8067c79092f54a63018153,ITW-Supplier-Code-of-Conduct.pdf,,,2021-12-22,publicationDate
2356c291c1d2851e20b8fa2f80e949c77fc03a3fa424bc655fa65c47e17560ea,,AFL-12-31-23-10-K.pdf,,,fileName
23609adf1e7fdbc3ec79cb45c6cb2c7cef632f8ec7b6183fe26111d4615c1c52,coca-cola-coc-external.pdf,,,2019-11-22,publicationDate
23a69b26342316fcf11035ce31e4b0dd2483ba01ee948bb9c45bc8856a4cf1af,,gd-2023-sustainability-report.pdf,,,fileName
23c15e9a13d793646bfb29516cdc3b5bc0555f15fd92c5804ad8b1e6a183d05a,Sustainability Report,,,2023-03-31,publicationDate
23db6e39e375703600ff316e8d03653889b1fbe29c3063b337f3ed95d3eafffc,,Whistle-bowling Policy.pdf,,,fileName
23e5037dc2ce69eb3bb8cd05c2169a82e542df3a3806f431a46b93cba750fe75,,Annual Report,,,fileName
23f71a19dd02ac2659c9f67dce4702e629617647d837ca79afe4a3c41e4617c4,,SHELLINTERNATIONALFINANCEBV-213800ITMMKU4Z7I4F78-2023-sustainability,,,fileName
240a81a9695340c88ec460ad7fbf34a3ff851b38abfcad560d34192568c1069b,,Integrated Report,,2022-06-29,"fileName,publicationDate"
2413bb57922b991a2890fd84ca0224b522badb9ea8b94732b59615397f24ca8d,,Anti-Bribery_&_Anti-Corruption.pdf,,,fileName
2430d1ef93b0a415ee191f8ea41423b0e21f15a474d756fbf45f4e139a7c1ab0,,Annual Report,,2022-04-27,"fileName,publicationDate"
246c04ea53320aa6e058f1761cd4fc781c49cc28e974fad7177249a599544524,,TAXONOMY_annual-report-2022-eng.pdf,,,fileName
247c7e4b0970e405049e85378d9d9ed279ffad72e0940eb1aa0f1ddd5ce570aa,,Sekisui_House_Group_Human_Rights_Policy.pdf,,,fileName
2482df822f98cf49ca577f5664faada94e3a91c64de5a73cc8357a081ddfb4c9,,Annual Report,,2022-02-03,"fileName,publicationDate"
248355ba1f93a297c2f7672f394f041af4864f1b8a7bd53d5444aad41ce7329d,,Sustainability Report,,2022-04-06,"fileName,publicationDate"
248abaa10a94db7b10e0148c189ae71d812df9155428b0869f9a980feb9cbb4a,Delta Group Code of Conduct_Ver. 4.0.pdf,,,2023-09-19,publicationDate
249f5d58409c05f2c013b2127f00ea51302ea498b3c3aa9de3453f4102d6985d,,eaton-2023-annual-report.pdf,,,fileName
24b643b546f5071e9a832587207c23be39f16f4d2681178ec591fc3e9510ba4e,,Annual Report,,,fileName
24b6c976104d7eca5c2751678d71d693134b1dc845fa7485f23c42bd2ed6987f,,Annual Report,,,fileName
24d5e22049d216422554fb23ce1fdddd277a129962fccd5dc78fdbfb1599a9e5,,Annual_Report_CRF_Banque_2023_GB_2.pdf,,,fileName
24efa40fc9304a1a83e99e999edc717c41fc8c10fcabb45fd27f967a31297473,,Hubbell_10K2023.pdf,,,fileName
2504a1a2bff645c1b181a866c2348a9465bf48d3c05937acd556fec44bab9e3b,Annual-Report-2024-for-viewing.pdf,,,2024-10-22,publicationDate
250b5193506b9eac3ea8bcfb2b558a629d27b9b5e72257577225d1be9b5e2e51,,Annual Report,,,fileName
2528d97fd226103dd31caed537ab4637336858fe7216d2789173a8c2efbea22a,infosys-ar-24.pdf,,,2024-06-03,publicationDate
2574c5d9dfee391bf07894a48b0ae03a174d2ac4bcff69c67856687e4c5305c3,,Annual Report,,,fileName
257f5a517ba4a2757802711f4c3952c1ccae3e057cb76457fb6dd972df44d8c6,,Annual Report,,,fileName
25930d55ed0b952c45fdb053a5104cad71bbc1d1b61655459019f1f7c027a4f7,,Parker-FY23-Sustainability-Report.pdf,,,fileName
2597d1ec07924a9a80c5da879890959b0c47934e5f45a14d91d52ddc4cbbf2c9,,Annual Report,,2022-06-16,"fileName,publicationDate"
25c47144cd5fd58f7bd2d08692329aba38f115358b68281348ca2d5ab33c5956,,Annual Report,,,fileName
25ce039577ac1c4af5d038d23aca92df8d6008cbbc3f6adc4cefdeffdc2ded33,,NYSE_PBR_2023.pdf,,,fileName
25fd6f8b23beed12f8f911dbadf3d871ae1732ea2bae4a43e06135bf87c1bb72,,Mars Net Zero Roadmap 2050,,2024-03-19,"fileName,publicationDate"
261705c5ee2624816805dcdcaa96e89dbb102065f8bba6feb279ac38246dc897,Annual Report,,,2023-03-22,publicationDate
261f086bb83725bb13ce2e631db0013329fa187d1fdf9dff869bbdd966d328d8,,Annual Report,,,fileName
261f0cf9e6c71c68bc40ee78dfd57e5f9947dce4d031757505276d2b6dd1126f,,2024-Proxy-Statement-Master-web-ready.pdf,,,fileName
262c81783b655e92e1554d11d560a50d53ba815e3078828f5805cde5936e8f53,,Sustainability Report,,,fileName
263b5848b86e1a3bb5522ab0f337f8ab398c51d9b83689717ee398e4b980dc1b,,2022_VGT_Group Annual Report.pdf,,,fileName
265d785aa189059acfcef4344bdc194cda9c0a5a932e922ace04dad831de4cf8,,Additional Resources _ Tesla.pdf,,,fileName
266e1ed73faeaa07b5fbdf5a5385ac127f64c7752d5c0c0239ddf6dc7531cd39,,Akamai 2023 Annual Report.pdf,,,fileName
2679ee50cf67d27484b4ad48c81e9e4d42ddd1bee4a1954629134c18bc2a6dec,,Fresenius SE & Co. KGaA/Fresenius_Annual_Report_2022.pdf,,2023-03-07,"fileName,publicationDate"
267f432f76f945e052bc6ce05743c690f467473d00c7076a867b485b712697b8,,air-liquide-2020-universal-registration-document,,2020-12-31,"fileName,publicationDate"
26b2c20b1b8940d31a29774ffe17ef2403adc160f7fcdf663b0fe93cf27f3cc6,ALCON FINANCE CORPORATION/Alcon-Third-Party-CoC_en-EN.pdf,,,2023-03-09,publicationDate
26c9209259c4fde659a2d43599382dfdf16f4dca1401e9c35f59eef9daa0e8a0,,Integrated Report,,2022-03-25,"fileName,publicationDate"
26c9d0c9fb6fa4a2a9fd8982f7ba28b595189a8d8cbe4cf37e3d9f082e4f75d9,,FormyconAG_GB2023_DE.pdf,,,fileName
26e29f5aa3b50080b7a373727793e261543b6995cc1abafe614c3e952e848ed6,,Annual Report,,,fileName
26f5a3cd1123fc82d4ec396f95710951c799b123abacb6658ae48d836baae0de,,Annual Report,,2022-04-30,"fileName,publicationDate"
270d5794b8cd27a186d91fa8c84257cc5bf595a94988b827c254b44529fe1f4f,,integrated-management-report-2022.pdf,,,fileName
273f188d0c29729ad98e17f2432f728dc9c0a2afdbe91c22eff7d4883d2d35d2,,kellanova_10k_2024_final.pdf,,,fileName
274d05794f298f1c67758ad1528879634272e5b0d635d001af3323a76f2241dc,,Integrated Report,,,fileName
274f644f4cef29c336bacd022866d7409154d3aecf55e297173fd70eed87f215,,wec2023-annual-report.pdf,,,fileName
276fc42fb003cf104dd46c7d27f189196453164be7ff12bdd52d9c9ac9b4b16a,Erklärung zur Unternehmensführung 2024_EN_final.pdf,,,2024-03-27,publicationDate
27dbb16ab140d50600ccb87658e6f8ec1324a60c173357297b9271218d443cd8,,Annual Report,,2022-05-26,"fileName,publicationDate"
27f6e565bfd8bfbc9f6405bf5f81f0da0b0d058379cfe131c4b6ac4a0c923054,,APA INFRASTRUCTURE LIMITED/apa_fy23results_annual-report.pdf,,,fileName
27fc9d76e0ac5eb5ebbe122e4bfd9dfa44de1e7fc80cf621efed15df5a9cd6b9,AIRBUS SE/Airbus-Annual-Report-2023.pdf,,,2024-03-25,publicationDate
2862f598adff3a9edec7748e683dc07807a8d2810393014b0619386134ee63df,,Annual Report,,,fileName
293b4b58e56e0ee647f9ae105d101afa749d91fa951c4bd542639e2b1663ddc7,,marvell-conflict-minerals-policy.pdf,,,fileName
293b9cb6f6a394459bef3b80064a813d317b31953fba0976cd0a7091d2242c12,,Annual Report,,,fileName
293dfc9609ba086c2ed69e19f8fda21ec17ca396edfa6c4e15bfa45b1ca801c1,,Annual Report,,,fileName
2943b890c61946c88ef2c6b47f210766030175732fd708f46d0fab8b37c64bcb,,Integrated Report,,,fileName
2955f4efad96648bbbd0b5e020170cb76e0a7c5cd86079d4baf67b80f4058a77,,Annual Report,,,fileName
297a14d3eedd07380eee9c5afc708c3f863d5a0677240265b6b813438e8ef5a0,,BARCLAYS PLC/2023 Barclays GRI Report.pdf,,,fileName
29979b96f84d508afa1760b26651da12d3bb51cd32713251736fed45d6ec859b,,rt-annual-report-2022 (3),,2022-12-31,"fileName,publicationDate"
29ade2be2f75e33b94e88fc676a31aaaab205e4ae7f146bc284c57d93d858645,,google-2024-environmental-report.pdf,,,fileName
29e645d25c8474c28ac06ca079e6615578a88063c29abbb634bc7edf10919e49,,Sustainability Report,,,fileName
29ff1d166d6b580608ad6c3dc5967a45e431cb89b5a3f77484548f249b70b34c,,TAXONOMY_OstseeSparkasse.pdf,,,fileName
29ff552690dc96f7d5a4392b02e19c484d97ac169518aaae3134898ca8cd1715,,Annual Report,,2021-12-09,"fileName,publicationDate"
2a25e2709d15de8234c250a99e60333e0b9d05e37c2781757d74891d7488f2b8,,Annual Report,,,fileName
2a283852824386b8fd948c4fae16d69f16fd2182851c68e04c871c3de452d037,,Annual Report,,2022-04-13,"fileName,publicationDate"
2a3d43814fd5c0a9dba740543d93c3750e4b597edeaee6674023dc01e399040b,,cdp-climate-change-report-2023.pdf,,,fileName
2a76849ee1cbb7381bffc0ce47573f772606a4264b4e13e8472379e74d896b99,,Annual Report,,2022-04-28,"fileName,publicationDate"
2a7dd086206fcb3f463c4e01ef0cb40d8be99cc15fb7639220d5d7fc69e88c3f,,Annual Report,,2022-03-07,"fileName,publicationDate"
2a8dbcc64fe6f50e0eacadbb13daef5d6226ef477cb7b90d5e4ff38dba3c2536,,Integrated Report,,2022-04-02,"fileName,publicationDate"
2a9c6b1d164af4ff17fbe182916d2676ea7d2f09b2f765d996f94c876cb98711,,proxy_broadridge.pdf,,,fileName
2a9e6c7b41b013f1b9d1b2ac620f08e1252e744b53dad4b8a09bfe9c940229d9,,DZR2022_DEEZER_URD_EN_MEL_230428.pdf,,,fileName
2aafb6ef6a1fb12b4ac602b8fb9c45b474d33ae8cc4a136fd3ef6fe6cff4163c,,Annual-Report-2023-for-printing.pdf,,,fileName
2abfa9f7b829e33143e9f5112b482ba64b1d79207adea315a0b131668cda3add,,Annual Report,,2022-03-31,"fileName,publicationDate"
2abff4977e6411c99a7dfa604dbe6fc9e545f04d54ab71fe68dadbf835fe2163,,Annual-and-Sustainability-Report.pdf,,,fileName
2afa132a1da4274bd4e90788e13ab1c48a7408c08272da208e5ca4747104402e,,Annual Report,,,fileName
2b256028b36b5981692648ce04cd0e428c550bbb5caf9130a4335a0d9b587208,,LfA Förderbank Bayern - Grundsätze guter Unternehmensführung der LfA Förderbank Bayern.pdf,,,fileName
2b4017af6ffacc4a0bf4f074088aac39bd424969a0cf9f5c0b0afe1af0c4d026,,Annual Report,,,fileName
2b488bacbc5d02bb31a6cb08cce3254b399fd9baf76eb691263881997e167c7c,,Annual Report,,,fileName
2b6755b6ae0aeef0e44f4431dcc902e9e965f437d9ca20c59f6c081820069cf9,,Annual Report,,,fileName
2b9ae55c9691cc36d32d3cdf2f9e9e6e2b0fa5e89c7a8db60789cec7891b123b,,273_diageo-annual-report-2021,,2021-06-30,"fileName,publicationDate"
2bf0b01a7f78f3227fe2d82c33ba2c4068da7715161d4c164e02f8167c84fd28,,Annual Report,,,fileName
2c3dc6552ba9d7beae8421f6f220c59d936012dfe6b9164a49aa5e2c68be2187,,TAXONOMY_Sans titre-1.pdf,,,fileName
2c814766681dd5b1f70cddd3df1ec937c7f2370450d32452553b52bc30514f8b,,Sustainability Report,,,fileName
2c92abc5a654d942933e264c943f2530e8d9f306353fdf44213459bd197dd617,,moody-s_annual_report_2023.pdf,,,fileName
2c95aed432d88ce0130b17b521e8ad7271c78b27ff0aa5dc6bccf0ca20590400,,"Tatra banka, a.s./AllocationandImpactreportasof31.12.2023.pdf",,2023-12-31,"fileName,publicationDate"
2c9b527f075c431ef880699a640d6c0637a48b3ace57adb0eb8d88243fa6b6b2,,Integrated Report,,2022-04-05,"fileName,publicationDate"
2cadee1c80b805febec1c43cae290d6b154f4ab80cf27b9d9c8719e20e407940,,Annual Report,,,fileName
2d2a348713bfcc44a8782bc1efeac96cf7c11e636c800e419c2284748d043595,,TAXONOMY_TotalEnergies - Universal Registration Document 2022.pdf,,,fileName
2d3430a114213fe9660bf7f39ce0efa8bc653e83a2269c5cd44b1476b7536f99,,MetaPlatformsInc-BQ4BKCS1HXDV9HN80Z93-2020-sustainability,,,fileName
2d3ad5721a1e15972288646fd805971dfdd2425fe791e5efa65f002e6cfce32c,,213800FGOUFSDPE33S71-2023-sustainability.pdf,,,fileName
2d3c2f060bf3d68929b7c92aa55c4d6d693824c0cb141451e96be82d22c3838f,,BNPPCARDIF-RADD2023-EN-DP-01.pdf,,,fileName
2d674552c3a8f66ea9001561934d8997e17da3623aeab5f69ba68ac6c984b191,Code of Conduct for Business Partners.pdf,,,2024-04-12,publicationDate
2da3de767b36265edfab69eaeabdaf59ff888b77d9655ee54dfab7e829440eaf,,2022-EN-nexi-nfd.pdf,,,fileName
2dd359676fd69944a5d206b6a6ad771412932bee0a3d7575114d4e5157e9a0ed,,oracle-gender-pay-gap-report-2022.pdf,,,fileName
2df90171e82586bc9a32871a988e32c7d1448419c075f6686384f5c2a1bedde8,,annual-report-adidas-gb22.pdf,,,fileName
2e1495598dec67b38f13a6700f593da44c83493c08502e93c48281399bc0cf38,,Annual Report,,2022-05-31,"fileName,publicationDate"
2e430e20fd665709024ea8987312b6d19247b7ec6d0f10972827d86b399238b5,,supplier-code-of-conduct-202206-.pdf,,,fileName
2e45aa2c27d512891ee23ed62204baee97337e1c2b96a4b1d713a86ed86bad18,,Annual Report,,2022-02-22,"fileName,publicationDate"
2e4c4603f4263703a83bce7b50710c31d864a196acadcddd544caa76af7e40dd,,Integrated Report,,,fileName
2ebce497c8ee3d52e65fb730414c4e2c85626e2bb204029567f38376d12da49e,,financial-statements-iberdrola-finanzas-year-2023.pdf,,,fileName
2ebfdd1c24202de043be68dafbe5a54b926d7c2c6cf4ca814d91729f0f602161,,Integrated Report,,2022-03-29,"fileName,publicationDate"
2efd72fde49c1919780cfb2a0a8b3a9feeadddafb69401195ea95b42739c96c3,,Annual Report,,,fileName
2f41260cf4be1fc0bb89b9640481e941444cd52b6df182cb7a1565b0790604b4,,Annual Report,,,fileName
2f427442a9754203f40ef8aa88360def60d582ef9bad8486bf98d99d1df2e3c6,,Sustainability Report,,,fileName
2f5670c79e7d1e10b0df73b54e3f1508230f6e23e3967585ec466c7c2352199c,,integrated-reporten-2023.pdf,,,fileName
2f59ee57e9cf103192dd522d4e451cce19000c88d86663dce873f1166ef9632a,,low-2024-proxy-statement-final.pdf,,,fileName
2fa47e729e161faeb19981fba2caf719a621ae6f4222f3d961f3325577d58b4a,,Annual Report,,,fileName
2fad895504867553772c6c8f548b6d3e7771aac667ed0733662d33b59b43bea5,,CONOCOPHILLIPSCOMPANY-6VJJ5GQWIRDQ06DUXG89-2023-sustainability,,,fileName
2fb7896acec95a0c08132e71a07293e2bb2ac42b742d06516e0bd975ea40db60,,240430_Nichtfinanzieller Bericht IKB 2023,,,fileName
2fd7a6b18948a301187fd3ac318573eba5fb0b91a3b9c2e72b76275a735c0ebf,,Iberdrola RE SA/code_of_ethics.pdf,,,fileName
305e6a8ca36a255309c6cbe902d57539ecb952e1daca2ea382b2ee869c1689c1,,PERNODRICARD-52990097YFPX9J0H5D87-2023-other,,,fileName
309ac446312e5cf19fadf0e1e651c7413793d62af57c0fcb79e53dda8193327b,,Annual Report,,2022-04-28,"fileName,publicationDate"
30b8aee457a8bc358fe0938ee4cce271ef93b8c1a3dca7e79fba8ccbb534bf95,,Integrated Report,,,fileName
30f07029a734a78280013c253c6beff795d64f4c8f6ccc3c2ffacd3f07970104,,Annual Report,,,fileName
312ef53e29ba41e627e110f0801f2a0f97dc7884c8afc921a788c6686ba255eb,,Annual Report,,2022-03-23,"fileName,publicationDate"
315324b3a1068dc00527ba667e867c92d4523f5f4a722ad6cebb379c4557a1ea,,Annual Report,,,fileName
315a6f2fa4e5dcf58d768f5b276f5c013cf620b1dc40f9df977fcd6e685b5c6e,,Integrated Report,,2021-12-31,"fileName,publicationDate"
31640131968b6c85f796fca5dd88970c3ee385609d3411f82d2566904a99413a,,Annual Report,,1970-01-01,"fileName,publicationDate"
319736a7b33c970e74b52410efbf81b3e48aed3ad739aabdd34d26538d8e8b16,,Annual Report,,2022-04-06,"fileName,publicationDate"
31c569101e3b372439dc9fc0bd269dd31b13beaa12e0226859b9878e844bbb3f,,AIB GROUP PUBLIC LIMITED COMPANY/aib-tax-principles-july-2022.pdf,,,fileName
31c837a31c82640d98f1e79e57c3a3743ff9fff77bf0792b3dfdb89d1d28b39a,human-rights-policy.pdf,,,2024-08-08,publicationDate
31da9e11074f0b560a570f186c6943ccb015477a6a7becb1981159fc7e310e47,,Annual Report,,,fileName
31f6ad4fc986aced38b08921cd9f3c529f9ba28c156bb323012ec17b28a1925d,,Integrated Report,,,fileName
31f6b2a421c8b6d68d08cb99eacd30821259f4684b669b90fcdd9651d688f123,,Annual Report,,2022-03-23,"fileName,publicationDate"
31fc83f4fd33eb0ad4970880a600dd75163e32933fe6423af1b6d59a16631223,,Annual Report,,,fileName
321424522289f3754bbed8deb565eacdad4996e19444b662e581f41ff7f786ae,,RAPPORT_RSE_2023_Eng_9608dd3bd6.pdf,,,fileName
3252c8c739235790a4cfaddcb65966618f62a4e26e8445e1c07f6324a682e6d0,,Annual Report,,,fileName
3258cc085500f82dc9ee323a8bf51a27e9240f2f4161f647a9c3c778f1a34aed,,Office of Ethics Annual Report 2023.pdf,,,fileName
32644f6602d6867728b1dcdfac3b7bac49e5c3e21f6f9e3a42703b17f6605c0c,,Integrated Report,,2022-06-06,"fileName,publicationDate"
326481d37b9d88aeed76383dc40fcc7d55ca2c1bfa0dee2d1cfd2b9d8f23b101,Global_Environment_Health_and_Safety_Policy-2022-EN-Website.pdf,,,2024-01-17,publicationDate
327a106fc85928c181bbcdb297dcefc2a1375f9d00d51d563a4f2a7216f54eb1,,Sustainability Report,,2022-03-18,"fileName,publicationDate"
32930d85e3e6d628edf1403e2c81cead326a45a8d59ac39fab8115efbe382604,Code-Business-Conduct-Ethics-English.pdf,,,2024-06-12,publicationDate
32a3e0aec7f9867c52410f3a82c765b2440e65035030847e37da773d93ba7cf1,,KONE_Corporate Governance Statement_2023_tcm17-127375.pdf,,,fileName
32b8f5414ad7a1676f3ac8cc051c2c0381bd896303b8277fdfa24390a21e8c79,,data1403_14.pdf,,,fileName
32f8dfd0e7b9a89fff768c3bf29da33de8209813c2262ce606be2cb9d5b3dab1,,Annual Report,,2022-03-24,"fileName,publicationDate"
3345e2a7122aa9ba1cb91da07558bbac4e8d9ecddb5e4bf6798a378b2858eff1,,European Investment Bank/20220268_the_eibs_approach_to_human_rights_en.pdf,,,fileName
334c53f6e2db3da7168db4f61dcce55f21c0d5e3826e36fa538e2ce329ce701a,,Sustainability Report,,,fileName
33556ba3539b20478ff30cedb778c61744bad3f9ddff63762637352dccaa991e,,ALSTOM/Policy_influence_Transparency_Document_EN.pdf,,,fileName
336be2163947ee539400e85206850806c909e96a60026c1e81e8210d2c1b5462,,ESGReportFY21,,2021-06-30,"fileName,publicationDate"
33ef42ece851054ed738220cea6275dc734091e4ed48e76a272816ce488aefd7,,Annual Report,,2022-04-14,"fileName,publicationDate"
34055142e86c372494287134797b52755503d72de17d00b6cd5d535197b402b1,,marvell-code-of-business-conduct-and-ethics-2.pdf,,,fileName
342fc82ec229d82dbe9b52f9c76bdd5ae01a9990bf3a40b46cca1aac8959a31f,,Sustainability Report,,,fileName
345ce4df14ffa5ba329b4adfd5552ac49c8d95c541431b420d49c141cb9234c4,Annual Report,,,2023-03-29,publicationDate
349d42d88309f40c2fc67879b3157ea4155b8ad0248802d76a83c1962524fe5f,,Annual Report,,,fileName
34a83b5595591d9970487eb9e7fbfce851ec9c9076cc723d16f1f661cd71e195,,Annual Report,,2022-03-30,"fileName,publicationDate"
34b732b11ec4bb9de12187ed61ac4c81a0413a22551e35290c5fefe942cbde19,Sustainability Report,,,2023-05-25,publicationDate
34d4e2aea5d74f3b385b42e80122506be8adf13784e39bbf08ee6175044de9f3,,Integrated Report,,2022-05-10,"fileName,publicationDate"
34d786c60cf25ec3871abd865a58ba5342ed8d8630ce12259fa1cc6c72bcbb75,,Annual Report,,,fileName
34f0ec9a1eae4a8f5d6c0983fae511ba5a55268759b63b5729a8872f34e7ec39,,Integrated Report,,,fileName
350099483cbb48b9bca93eb1b7efc6c8738179c0f8903d2506af4c3df006a084,,Annual Report,,,fileName
35374ff91a53a0be625d86b226f5dcb18fca7fc61f4f48a41bb59ece03815a1b,,Annual Report,,,fileName
3593074b94a5ea8ba5f62a04960f74902aeabba0b2c197300498d0e1d96381af,,Annual Report,,2022-04-26,"fileName,publicationDate"
35a82a582b3cce8e69622937d9f27dead817f82982db82aab6538dc8a16acaa1,,URD 2021 - Version anglaise,,2021-12-31,"fileName,publicationDate"
35c54ae533ad6b9f14ac55e42897478b19aeb5e3ddd58dc2841506171a8fefb1,,human-rights-statement-addendum_germany_en_ddc.pdf,,,fileName
36c8aac9d2e74a8ee9c2d1ca18dbb9d7cc4888b0faff82f06887f90032d27a51,,proxy-statement2024.pdf,,,fileName
36d14b1d5c78e276f36c3aa0ee59644b98eb399594209cd44488ca240d329a91,cummins-human-rights-policy-1102018A.pdf,,,2018-01-10,publicationDate
36e7d515143ea1c450e455054165cc0fca54f0b04a82c1624307722ba7c82de3,,Annual Report,,2022-03-21,"fileName,publicationDate"
36f84b4c1c7e95f0c971fe383f983c9df630794d3f995b7c789c2d4001c9d6a6,,DLR-Kredit-Sustainability-Report-2023-1.pdf,,,fileName
3734d17128a78bb81f68084ee1fff5b962aa1f14ddbe03530630246fe42c525e,,Consolidated_Non_Financial_Statement_2023,,2024-09-04,"fileName,publicationDate"
37a03f1a5bfa968f28bfd9077554e9f9740a121b2b2ba2b130c50e11628adfaf,,modern-slavery-and-human-trafficking-statement.pdf,,,fileName
37dbc8670cda29c5ee87057c0beff41ed33b173a555ae6a5d60ff4bfbe362bc3,,LenovoPcHkLimited-254900OBDT91LUQECI46-2021-ESG,,,fileName
37e0c920565b1cb037f842eefa8a85d7e8b413cefa3094b15898239205a6fa8d,,Human-rights-policy.pdf,,,fileName
37e10959d2e41bbba5062e9bffc6b0723bec4d084a516bc1d0d0d0de648c36f2,,Annual Report,,2022-04-29,"fileName,publicationDate"
37f9d276da6ef833e074f47a346de74e77d968b34aabdcfab821db48d0c7e670,,Annual Report,,2022-04-28,"fileName,publicationDate"
3813bf19875ebbb45213bdbf11e6924c6975887cf117b4da9be05ceef8bdaa47,,Annual Report,,2022-04-25,"fileName,publicationDate"
3844da24908b199654d74d4169851f0766328ec4f2125e521b135ed51f562d5e,,Sustainability Report,,,fileName
385c0004758542a4d02b858af52db3060b763d0e31d63a4d58d1777d5fbf9595,,management-doc-corporate-governance-policy-2023-en.pdf,,,fileName
387b151b71324e08ef1e9eca7dbac900a977bd766ed608e182c949021572c389,,Anti-Slavery Transparency Statement – First Advantage EMEA.pdf,,,fileName
388d7a1258ffef63e22d4179d8cfb20d7428618f4772b5553ec772173b247912,,Sustainability Report,,2022-08-29,"fileName,publicationDate"
3892f6a7dd1741cbef8ef823992a76472c914c892454c88bc63e39b02978a69a,,Annual Report,,2022-05-30,"fileName,publicationDate"
38aeaee1d50861b5208a8104fa6d545908bd13cf7bb8110d7c33c21136c83a19,,Annual Report,,2022-04-27,"fileName,publicationDate"
38efcaf2ecb7baae409ae5e5721fcf01390691632409d20e078e1df65f8be387,,Oldenburgische Landesbank AG_AnnualReport_2024.pdf,,,fileName
38f5987c70da45d741696148bd6ce8370653edc4b83512336327b79428522c11,,2024-Proxy-Statement_vF.pdf,,,fileName
390c0c12d655141cf7396bfbeb5361db532d1814db3b5fc7f844ff34dafe9beb,,Sustainability-Policy-May-2023.pdf,,,fileName
391cf16638b9419368aca59e6fd0fb5beeed245fe576797e6982b83093d82ffa,,Annual Report,,,fileName
3935c875af9e98fe521c4f58a84c104692380a03d27ed8f0e661922f8c26aec3,,code-conducts-ethics.pdf,,,fileName
39535408ad81f4924f0207e06e14540425ee85680f698d36aa6e85b7511bd60b,,Annual Report,,,fileName
3988ddf4ea85e84ec2b3b6c70d45975e23776930977fc04824277390d632cef6,,Integrated Report,,2022-03-29,"fileName,publicationDate"
39d40e232308e70551a9951596f313031979feaccac8dfd0e2f1f32c6f8a7995,,Annual Report,,,fileName
39eeac208fd332805a13a565d5f42d0a644b3fd502eb374e1fab79424d66ad68,,DLR-Kredit-Annual-Report-2023.pdf,,,fileName
3a2c27b338df39a80818d996ae62e2135ea36ea3f9190c118d42160af66982da,,Annual Report,,2021-09-28,"fileName,publicationDate"
3a32e4e183a38e54f608e616d77d248b860df6ee61e7c47e5c6911b63e58d417,,CADES_RFA2023_WEB.pdf,,,fileName
3a3d790c733e8840651ed5374c869f3ffdb23a31bebf26402bd10adaa8e0f5ea,c04-whistleblower-policy-november-2023.pdf,,,2023-11-17,publicationDate
3a415ae26507ebcd4092cab03b0a79c35682bff45de636165d46555138ab3c12,,Integrated Report,,,fileName
3a63f1c8525f7256db50a9c925496440fb67b8dc42c01bd65ebc6c8146aadfec,,Annual Report,,2022-04-29,"fileName,publicationDate"
3a6869b26672f6488ac309c900b7dad8109f965dde18370f0302e0077b2ae136,,Annual Report,,,fileName
3a7249879bb4a4fccbb2f29a998cf04ae0802623f65e75d1e685c3817b5ddc06,,Business ethics.pdf,,,fileName
3a8012a7d77b63d10018be1a194d92d451104d1a11fe22e7a1933af437daff4e,,Sustainability Report,,2022-04-05,"fileName,publicationDate"
3a9e0f67d752c09f4163743ab98321b3a7220a671a532f3a83b1791973528738,,Annual Report,,2022-03-25,"fileName,publicationDate"
3abd02ac7e94b3af64ed9105adbdaceff61e40912a9907b2ab3c490c74e00dc5,,McDonalds-2021-Climate-Risk-and-Resiliency-Summary1.pdf,,,fileName
3ad777eb81485525e5ac9ecb6ae3595deaf26652708ad343a9090c214aa7b9ef,,Annual Report,,,fileName
3af42b9c9812730aa7842606c7219460b5c6ed7ce10c4b7c6328e5f82e954d7e,,Integrated Report,,2022-04-22,"fileName,publicationDate"
3b0daba678f0f229ab310d8417c3bb8d97b7dada7ad615f71c37b367d4f89cfe,,Executive Compensation _ Renesas.pdf,,,fileName
3b149188f57ec3b24dde1dcf020aced314efc207c6469d0c793187699dcae63a,,02786877.pdf,,,fileName
3b17c8f0ba189c23430a947982a8dc7386ae8639fbbadf5ff21fa0b9310c1ed7,,AppleInc-HWUPKR0MPOU8FGXBT394-2020-environment,,,fileName
3b369ba5653d36b2be3a3b1142e8cdf2a8e4feed2bebd89cd81c99698275382e,,together-as-one.pdf,,,fileName
3b5c2ebad4ee6252b64405959635c81a5a1bcff2160a51b91e78f31e3f63d9f9,,Annual Report,,2022-04-20,"fileName,publicationDate"
3b5ed1b3395dfe881724b21f79b617b6c03397bc1d517defc9dc506db49414f2,,Annual Report,,,fileName
3b7cfc1ace225bde8804f95136a2bd96f05fb50b3b1ca06b9a21b3c070c5327e,,Annual Report,,2022-05-06,"fileName,publicationDate"
3b7f15c7f1a71c27f4a7b7e11e5fc2ad777c86b69f0af2b55c800f9fcff67c74,,Annual Report,,2023-03-28,"fileName,publicationDate"
3b97eddfa11dfa89fd52f65a3278de78e474c68e97d28699666bb6065f45557d,,Annual_Report 2023.pdf,,,fileName
3bbff299ff7e376f6742b548dfba7d6d939fad7a4014497b2986116af038b50f,,Annual Report,,2022-04-06,"fileName,publicationDate"
3bd90a380b35c3f871cd872d7455a6b05b07b16fd764cb270e6eec069398a810,,Annual Report,,2022-05-16,"fileName,publicationDate"
3bedda91a81795a58b430196c1f5e8e6fa182cf775bc2f543495a7392b0b247a,,Annual Report,,2022-03-22,"fileName,publicationDate"
3bef3d9141e7bd93d7a8d077decdfdf7ec2d9050bf019d3321bdfb9fd5412d64,,202203290676-1,,2020-12-31,"fileName,publicationDate"
3c18f8c8251205012df73bec6e404f63be448ca68bcc679b5feafa8f3e3d50c0,Annual Report 2022,,,2023-04-03,publicationDate
3c1b183fedb0d677cf05ff432503421bf1a3b2006cce2fd392b587a9c6a710b3,,DE0005470306-JA-2023-PN-EQ-D-00.pdf,,,fileName
3ca7d6c26e4fea287c8b3a32de05218717555a4a5fc46c471d7308ab8498df91,,PUBLICIS GROUPE SA/Diversity_&_Inclusion_Appendix.pdf,,,fileName
3ccb2afc159a6f3c5b291f7e731231fe12f3d7690b09006a39f2923dba86a941,,EXIM_AnnualReport'23_27032023_Final.pdf,,,fileName
3d2737b6e9f5646e5cdb657ef4da268b4b53259373c2cbe86bf3227120d039b2,,Annual Report,,2021-07-30,"fileName,publicationDate"
3d2817ae14318486b5b5b5eca0ea3a65c7e1a91af1dbf032286a4d301027a599,,R6ZXK5P01NP6HXSY1S07-2023_diversity.pdf,,,fileName
3d9aefb828e6a9e6aeee9da27ebc84256d2a288cb199d72be97a0d47b6d9c845,,Integrated Report,,2022-04-28,"fileName,publicationDate"
3dc7c52799afb38485da8f0583e04aeedb0681862d4c3e709160aa9d4113da4b,,02a_Relazione_e_Bilancio_31_12_2023.pdf,,,fileName
3e44a61160012b181be73fe16926be5892a1a6dd1137574a195af4f7698eb26b,,Anti-Corruption+and+Bribery+Policy+Final+English.pdf,,,fileName
3ebb8ec0be7e75481ea9a38c6aa49253aa4d3630d5243eef0c0b57089998a774,,upm-annual-report-2020,,2020-12-31,"fileName,publicationDate"
3ebdbc522b447de970ae1a584d1caa6bc5873f738ed1944b9fe2017644526805,,Annual Report,,2022-04-28,"fileName,publicationDate"
3eecdb79d40f55afabd566fa97d903c644ca2397c7d891b79e1e3804286ab31c,,Statement-on-Human-Rights.pdf,,,fileName
3efe052ae942a01eaf44c79577d5f72cdaab93ee9216d92b837addc80d8555ef,,Annual Report,,,fileName
3f0106312d9b5dce534d9a03e7d95130b93ad034b2770521486c804a48f4fe3b,,Annual Report,,2022-05-05,"fileName,publicationDate"
3f023a25fac3dce3b493faab7c04eda4b03127d8fc32c7d72ed2fba83af40531,,CSR-Report_DE_GJ2324.pdf,,,fileName
3f09154b55b593099eeed5dd30604c20a149813b22b7bbac22cbbddc81db4c1c,,Annual Report,,,fileName
3f16365d643671eadea809e5b0ae0a55d65e4836cf779d7aa496b09dd3814970,,Sustainability Report,,,fileName
3f1c5addc26e49394b3ba49fb4d22f0ccba1d1a1dc890d87740f16acd0640be2,,Corporate Governance - Highlights _ Akamai Technologies Inc_.pdf,,,fileName
3f25d13182327aea3b2d8fa60207df788cec3f5460967aa170746f93f93df310,,Integrated Report,,2022-04-29,"fileName,publicationDate"
3f39d055b349f4d8dea1d36f07db4ecb13126af889ba3e88752c646e0dc7c6ef,,Annual Report,,2022-02-25,"fileName,publicationDate"
3f5931fb26f8f251a1301876026a0bd315905ae5cf02aefe508d33ee3b43d45d,,CDP Climate 2023.pdf,,,fileName
3f60236a7097bf43708899bd20081b2fb302c614857a70456ce61dfa201cf914,,fighting-against-forced-labour-and-child-labour-in-supply-chains-act-english_ddc.pdf,,,fileName
3f69b9ce3d34c997fc3c7b1c6923383fff7d2988873bcf807660d1d8a1a7ce36,,Sustainability Report,,,fileName
3f70e3f25ffe5ddc0f25c952d2e9c58c76f3544713155cf71e509d33cd01a67a,,CONOCOPHILLIPS COMPANY/smid_022_code_of_business_ethic_and_conduct.pdf,,,fileName
3fd411435aa6ac765b21cbed0113cd40e3d9fe38c1decd03ec5e30ced8eea007,,PD-16-Employee-Code-of-Business-Conduct.pdf,,,fileName
3febbffcc9a24f87456f7e1ec46024707ddf5f589ad740a3a3fd4132b69fa390,,Annual Report,,2022-03-21,"fileName,publicationDate"
3ffb2c9cb834967e6f8c021bf1b589691e480d57b2b91d6257ce4918337f0400,,2023-Management-Info-Circular.pdf,,,fileName
4027cbbde6001121471514979857c6e48057f10b8ea620398205dad3292ea86a,,Annual Report,,2022-05-04,"fileName,publicationDate"
40341d3f7df61fcd5eb8dcced3a724f679930a5f20940494f617f9d58935522d,,human-rights-statement.pdf,,,fileName
4048001d30d8182683a7b39a318a2b1bb51f1cf18119621245131a2382c8d4b4,,Human rights policy _ Yaskawa Global Site.pdf,,,fileName
40b8dd4ed7ebbc4f764f32d56b02067aa7a464ee38809afad95271371529c499,,Annual Report,,2022-06-25,"fileName,publicationDate"
40c1ca655c6357771cd16ae3d3d1d7db1ac10852357ecfb41ee5339ad67adc30,,Annual Report,,,fileName
40c366da6c84a2e5d82bcfa258425f9d038eede500e001ad40451ac816c47a22,,Siegfried_2020_AR_Progress_and_Strategy_Report_EN,,2020-12-31,"fileName,publicationDate"
40fa06d5f7b98c60bd071f45288dab40966617c25d5d1aad05fa50de808fff3f,,Annual Report,,,fileName
4187bc1b1b498acabd12d9fabb7cfbe786c2372ec793aa5e2bc6eb0870442ed6,,Annual Report,,2022-03-03,"fileName,publicationDate"
41cc11d0ba543237160f9125b94c799491e4e33886b2872cc195b1bfb784668e,,Annual Report,,2022-03-24,"fileName,publicationDate"
41e0433b31d0065ac9b5ebbc96f0d66acce59b10b027e90dee83b0dfeefa59ef,,Sustainability Report,,,fileName
41e4dc9019343e86cb7f7792de59ec6331254422bffda4b95ec48fbf72d0aca3,,213800FGVM7Z9EJB2685-2023-genderpaygap.pdf,,,fileName
41f5dd7f153b295eedf726364c386bd2ccfbf083728b53f3d5e7f6dcbc4fea78,,LenovoPcHkLimited-254900OBDT91LUQECI46-2019-ESG,,,fileName
42009981a28ae366becf0ecf27a609d67ed0fd784f68d44027bf84fa432acb9e,,fastned-whistleblower-policy-2-758681.pdf,,,fileName
42532ed296b5b200831f7339b0e2139164b0d72e06e7c6c7505e7aa5a65cebe9,,Annual Report,,,fileName
425e040170bda1eda9b6066f4d1dd661a6aba45dcf10cc9c7d17c1be8f5a993c,,Annual Report,,,fileName
4275b1c3aa5aeb5cc6548d3b07b05f3046f13eafc2a6ce279a84c004f59d7535,,McDonalds_PurposeImpact_ProgressReport_2022_2023 (1).pdf,,,fileName
42868da32843a2f7c7ea6e4b96fe4acd7fe38e8e6f22821c4e8132dc48d5a487,,Sustainability_At_Commerzbank_Natixis_Fig_Sustainable_Virtual_Conference_22_23_March_2023,,2023-03-22,"fileName,publicationDate"
42bd735783a2637bcb5a20638e09fb87a088dee0fe32fded3f11214fbc8d8134,,Annual Report,,,fileName
42bf7609408f7f8cc2a3be19d32f7a719be52ea668121db27cd969ed01d9c5ed,,GENERAL MOTORS FINANCIAL COMPANY INC./2023 General Motors Annual Report .pdf,,,fileName
42cde5cff23e61cd9afd9ab2faf28fa8c603ad57ee6607a6d08ec2b3f11f3167,,lowes-23-Annual Report.pdf,,,fileName
42e73ff2afdfe3226de45ff30b320b0562846656ee695e44e49ff596b78d0f57,,Annual Report,,,fileName
430781d6e9a2362b1e71729380239bc6eaaf5e149ce951627cb0d441333a8ca4,2023-2024-Code-of-conduct-V3.pdf,,,2014-02-14,publicationDate
4372e13f6e6fc392424877ba1cceb3888f952d4b75ac08517866180543c1f6ec,,Annual Report,,2022-04-29,"fileName,publicationDate"
438d238c8dd290d3860d1417756f7a82aeb104ca7ccb5d72c033428250542340,,Annual Report,,2022-04-30,"fileName,publicationDate"
43a40d6380e1e3c99ba0bef044d53ca727b4514c0817910ad0e7997e992d5bfd,,INDIGO_Brochure-ESG-2023_EN.pdf,,,fileName
43ba5860ebd45ec121cc421b678b6a2792b725602b94b0cd173c4f3ee0467e38,,IDB Code of Ethics and Professional Conduct.pdf,,,fileName
43bf57906b65eaf444d8bda5b390d4087e0237f36a65cb14c5844d1b430e1d40,,Integrated Report,,2022-06-17,"fileName,publicationDate"
43ecb3f00f85c8bbb30c9a5d1168ee01c5e3ea15a9c91f53eef13c5b96130f9b,,Annual Report,,,fileName
4428f99e6e5725ea975aa44c4826f9873d1269e37dc6ee69a6689fffc99fee3d,,Apple Inc./Business-Conduct-Policy.pdf,,,fileName
446d79c962c541862d3da2f027adf1f6cce0b1cd5b0d2540440fe0769d8bc621,,Integrated Report,,,fileName
4492c9a4fdd84059a4fb8638f2861b5d624e86b336f961a490ec76b85423cde1,,Annual Report,,1970-01-01,"fileName,publicationDate"
44c97e408c354b0f8843f9e79adb34cf47db6249ef06138056a09d5a6ed2755f,,Wolters Kluwer N.V./Wolters_Kluwer_Environmental_Policy.pdf,,,fileName
44d82ab22ddf15e3496d668de0f3ccf736cdb6ba0de284a8d1346b18db9b0df1,,hyundai-ethics-charter-and-code-of-conduct-eng.pdf,,,fileName
44efe451f53976c483341001c8a0ae67661cd9782341c0c10ad405fc3e9950d0,,European Investment Bank/20240125_eib_global_impact_report_2023_2024_en.pdf,,,fileName
4573faa5e54ad329f48dcdc45e0730ef71d98ee460c6f14995e890db61660db5,,Sustainability Report,,2022-04-08,"fileName,publicationDate"
457bbbca610458cc2e0349bd6310f1d88d3c002fac0b9b7590b67b01fa59e40b,,Annual Report,,2022-04-29,"fileName,publicationDate"
45b55230894673f8dd07ff30ebef9b3c6da99ff742891870c63a111b0bf32ea1,,Integrated Report,,,fileName
45da9878e3256c6173678e90b501df24d99de8ac8d198f16168bf06aba05d5fb,,petrobras_relatorio-RS-INGLES_v021.pdf,,,fileName
45fd3f74d62ee1f9145ff5137f592a1f9bf9d6b05847067614c3d9bd1a5ea694,,Annual Report,,2022-01-14,"fileName,publicationDate"
4641e9d80aa083b681f6481538b5ca1fbe46ce9166fe3e78b1193e41224e3266,,Annual Report,,,fileName
4667c1ff387b072ffe452af61d9a53a69e13db0e40b5beae0fe6ca7a060ba025,,Annual Report,,2022-04-29,"fileName,publicationDate"
467ab29db7e4aaa97855212afc9730540dffe5cf32606440221f270658551e44,,AppleInc-HWUPKR0MPOU8FGXBT394-2019-environment,,,fileName
46959ec66adaa71528324706cd04bc63987edd5d27d6e94c32705ba62d342434,,KSC_DE000A1A6V48_Annual_2021-12-31.pdf,,,fileName
4696134c3a1f048bd63c280d265561b30a6161209e383927e9423d20b733e19f,,TAXONOMY_Annual report Fluvius System Operator 2024.pdf,,,fileName
46a76829a0cb89f4614da985aa301608e555eeb242a5c4bed0e9e7d619649691,,Annual Report,,,fileName
46c5fb0ca006c09f0a48769670cc1710c0d46a575d9fe1968f01d6b8282a40c9,,governance-report-2023-en.pdf,,,fileName
46f00635093c77fc7c42c286ad53184e154f90a8ddf76376656e697728662ce0,,Annual Report,,,fileName
47144783a4112727c351675a607adec0ab8bc1392d3c08c2d0f49abf1cee17ea,,Annual Report,,2022-04-25,"fileName,publicationDate"
47504928c0596cd222c3c92841a6ff949bc1c743bc3ca14166e86e19372a1177,,annual-report-2022 (1),,2022-12-31,"fileName,publicationDate"
47bc1d27056a0944ae3b2f633c1ab654d673e96fa0f8bde10b34c68b6d0f34e8,,UKO2-#2006616020-v1 DNB Boligkreditt CB 2023 - Base Prospectus (Final).pdf,,,fileName
47ce66171fcc92b47a40bb3f54807c1bfe98984eeb89b08c31c61fd6abef028b,,Corporate_governance_2023_EN.pdf,,,fileName
47ce6a24545c136df9b06182bbd543c71f9cad8699f8190b0a8aa25789aae8ec,,code-of-conduct.pdf,,,fileName
47eb816af759c60e6d86e8125aa2c9abf9f6e8ee43866c75bcb10af7a95f81f3,,Integrated Report,,2022-05-12,"fileName,publicationDate"
4814e4c47a549eec8fc8e3f18a6956a8a5a6a0269f20e9c86068de9297e1ce4b,,Annual Report,,2022-04-22,"fileName,publicationDate"
48243d269275742a9aa9af16d7cb8804e5343a72a03778eb4635e27963ce95d4,,AppleInc-HWUPKR0MPOU8FGXBT394-2021-environment,,,fileName
4862f3187ad22a8852ce3b00d9c624325ec00042a829c4c317e4d1761671ec17,,Annual Report,,2022-04-22,"fileName,publicationDate"
48802fbac358e5954c274a7ea26ea001883867669cdaa7f183275ee720c22313,,Integrated Report,,2022-03-08,"fileName,publicationDate"
4897685adcb01b933f98bc3963c87682e11971bfb17f3eb3ffd77860136767f7,,Integrated Report,,2022-03-31,"fileName,publicationDate"
48a8dea047d91f8211722ed680bd74494e92e83dd026bcd3410abe35b7d376a2,,Annual Report,,,fileName
48cc9eb90f0b8917e033eb1f48e4f4e62627176e4f063ef88aea9056f4880837,,msg life ag/Nachhaltigkeitsbericht_msglife_Deutsch.pdf,,,fileName
48f1cc9df2f0dc03a9fc9ec54fd9ac842e09ba34dcccd75892e6a67805b5b97a,,052024-alfin-statutory-accounts-2023-auditors-report.pdf.pdf,,,fileName
48f2810774981033278ed00778bf1cfe5af849f133e9dd42b1471f72dee022ad,,code_bus_conduct.pdf,,,fileName
48ff91b3dcafcd8ec8ade7d322624aaceab638c4c79ddbc09e0847bd03faea84,,Annual Report,,2022-05-17,"fileName,publicationDate"
4904257a1e0330e9996c8ba043266390f5b37657a8b0062bedadf3f17c918df5,,Annual Report,,,fileName
492856fdfbb4ec6d31a4ceb7c86340e04f22954a92c8e96d81f7333027b19975,,Annual Report,,,fileName
4938b6801544ad7e43f744c077544fe179ebc36e03535de783d0bd81acf08890,,Annual Report,,,fileName
4939a44245ca45955319107c201c4390a7f36b27972b4351705cb2118c5b60c4,,Integrated Report,,2021-12-07,"fileName,publicationDate"
496c388ca273cc27ad0f079180477275154d97eaa068361dc232d66221825846,Human Rights Statement,,,2020-01-04,publicationDate
497e7bace816e1bbd5d3f4f0fbf27cfbf434ce46cd24bc4b0686fa7c72c219b7,,Integrated Report,,2022-07-01,"fileName,publicationDate"
499323e2ecd13c90023a842469b26cef2d0d069b3af0dd5a60f3b8b8f2f8ab3f,,ORACLE CORPORATION/cebc-176732.pdf,,,fileName
49a9cef7e8fa5e210f5b387b81e8f6b22c16ad8090dadc09eb9c30af378278a2,,EDAG Engineering Group AG/Lieferanten_Code_of_Conduct.pdf,,,fileName
49c43c6e49b0a37bc3a10a77fa2d01419fe56fa53e2aec374271c406b1914a5d,,Annual Report,,2022-06-10,"fileName,publicationDate"
4a3935b381398fb0ce0c3bf67fbd5be8246f0b49a8836e804514e1261def23f4,,Cognex Board of Directors _ Cognex.pdf,,,fileName
4a3d4d203283c5fc3bd9cda7733c585907292c5eb819aa41d316e46d70ecd12b,,Integrated Report,,2022-04-28,"fileName,publicationDate"
4a4c6c44721a7726cfeb04da15d844679ed2a48deaa83029383895817c6328f2,,Annual Report,,,fileName
4a57187fca77f86ac50ca418275ea327b88220a6f702d3fc8c3f07fd6d30fab5,,akamai-human-rights-policy.pdf,,,fileName
4a781bef4743ca995f19e8f6877bfe2c4b5d2aac347dafb8026583894370637f,,Annual Report,,,fileName
4a9f68a70704d2b1c85be14a37e481632edb22e816d5273d88fae0c01d6cc221,,Annual Report,,2022-04-06,"fileName,publicationDate"
4aa4b9bc183a6a85548eef79b6fedc5ac0b6820c7c1fc78a72650d6f16cbd3f9,,HumanRights_policy_0515.pdf,,,fileName
4ab6c11024978ae0971f6ef5cd3afd9bec14d374171bc58f94aecf5ac0638c33,,Annual Report,,,fileName
4b0ea698246f424b884d146854bf93730e73b7803d4407a4419f3d9f36735563,,Integrated Report,,,fileName
4b187c6c56f7a41ee4852b61043864c090f320ceb9d9c1b91ef291d278a5acaf,,BAC+2023+Annual+Report.pdf,,,fileName
4b3c04365dfca3149365b093eac1fd296176e7f37d3d3e21bbc2efa0e65924cf,,Annual Report,,2022-04-30,"fileName,publicationDate"
4b458bafc3f5ec3e360cf0e5fa43d033b6bf2e06b73caa59227aa721a75d1ac1,,TAXONOMY_LANDESBANK HESSEN-THÜRINGEN GIROZENTRALE.pdf,,,fileName
4b82aebeebe90624cf9d923fbd3aa71185835ce088388a97617e137790e55b7b,Nachhaltigkeitsbericht_2024,,,2025-11-12,publicationDate
4b9ab368d0d29238aee799b6594e975a3c075df2a3212099a1a967757e8bb38c,,Annual Report,,,fileName
4ba18f7124ea092584823fc1afd14a0a7b0d3e8e5dab7e0a862e7e1c92ca2c13,,korruptsioonivastane-juhend_eng-2,,2022-12-31,"fileName,publicationDate"
4bb2912b980306b79892912f213c740bbb176c4f4d8475cf0821bb90d3a61a3d,,Annual Report,,,fileName
4bb5dd8e62bbc0df92ca619801f508fd611205434556e58e0bd138d344c6c223,,Integrated Report,,2022-05-25,"fileName,publicationDate"
4bbad2e58842a74dd196dbd45d2d04ef7a5fc045a02ac6aaa0650f481cc4594d,,rs2023-en-v-25032024.pdf,,,fileName
4bc157e4fea8d2dc5abba1435b2d2031c111e972dcaf691a33c24b9b65876438,,Integrated Report,,2022-04-28,"fileName,publicationDate"
4bc2d3d4e004ce6f401767f36fdc03ff9ab9f94d59cb6f99a848f4f08d9b9d99,,Annual Report,,,fileName
4bd410c6b1b0f80c0d73be156b94d366f4e35cdabc771cf64e3a7ce581be5f21,,result.pdf,,,fileName
4c011d795e17231b03a2dca6e250bd97aea8ba269c1cdc07f1bb526e9dfa0e06,,Annual Report,,2022-03-30,"fileName,publicationDate"
4c0c1b774a21c361b0312e26ec4e7e940b42c0b2354c513372b5613043461b51,Annual Report,,,2023-03-15,publicationDate
4c18c3f62303fd3f30a806774a423e9319166e1d4dc1826124e553e0801346e8,,TAXONOMY_ENGLISH - IAG Statement of Non-financial information 2022.pdf,,,fileName
4c1bb0e251f719738d8f34c7bdecd665a0f4994850d719f80970a1b487b6194e,,Annual Report,,2022-04-22,"fileName,publicationDate"
4c2cbeda440138a12caa5f8fb597916ba8be6eb78fd8437acf284cb4bec7b53a,,Annual Report,,,fileName
4c4ce4aaa2d55db7585086b2246c2711c55907c00b0d64e844268fbff961c3c1,,NYSE_CMS_2023.pdf,,,fileName
4c74df969ea1de2f256a0c8ef34d1dfa659a2c9f136e7bb5f183e93aab99e4f9,,Annual Report,,,fileName
4ca20e32d05de4d56086756e7f69648de7dd63579ca10cf627ab01bf7bd2b05b,,Sustainability Report,,,fileName
4cc206f721c5c7ef087690aaf9647610d206b46edd5a6b37bcbf1d55a9455cf7,,Integrated Report,,2022-04-28,"fileName,publicationDate"
4cdde231d245af537e6386d74f46a900621ec1c65d536df49d84fc59eafc8f93,,"MARS, INCORPORATED/Sustainable In A Generation Plan Scorecard _ Mars Global.pdf",,,fileName
4ceb73c5496cce3e86a81efa0e55e9ea2d9163f7aae8ddbe41e9018989f1f500,,Annual Report,,,fileName
4cf06b234a27ee2d3a7500fce4934b34a06260b17f082c1ba0457f0cb1958487,,Statement-on-Political-and-Trade-Association-Activities-April-5-2023,,2023-04-05,"fileName,publicationDate"
4d1d3a974682342449566f037d294766dfcac0d1ca186e38eac9eda78eaeec14,,Annual Report,,,fileName
4d41be45c51dcdf2760e1688207c4d793062c8e122265b1270bb127a30a18833,,Vendor Code of Conduct _ Datadog.pdf,,,fileName
4d8863c93dea5e6969c25e6d0f658ff0775a617749281da73edf2e97d926748a,,VAT Group AG/Corporate_Environmental_Policy-vat-environmental-policy-sep-2022-de.pdf,,,fileName
4dafc759b6476919eaf28d1b6d175578c44e9743205b4a10a1c78baa642fb419,,danaher-sustainability-policy-june-2023.pdf,,,fileName
4db902c42169d2b804e3fbccfa97967dfecff70d9eb2e4048d3f523fef0076a9,,Annual Report,,,fileName
4de8f739e2be01b51522bd9d6a4397c462e45b78f51478a15d86c5a1220d50f9,,Non-financial-report-on-the-activities-of-PGE-Polska-Grupa-Energetyczna-S-A-and-PGE-Group-for-2022.pdf,,,fileName
4e08faba097f60f32b5d1eccaef3ac3ec4da1962ce3ca3c222665349073522c6,,Akamai 2024 Proxy Statement.pdf,,,fileName
4e2c01ef377f0087bc100effb8cee09568e82ff8dca2024e10b43ad329cbb67f,,Sustainability Report,,,fileName
4e41d9cf6554a6ff0e42c0075d6f18b8e825e3b5d4b9f8511d3ad269309c6ae1,,CELLNEX TELECOM SA/RUL_GR_020_Supplier-code-of-conduct-V2.pdf,,,fileName
4e608d3c0a9a8a3801466e931816684feb774707837e63a683fffe23cb3d0a38,,Annual Report,,,fileName
4ea4a1ab85504d7f9ea8da863afe09af43734bb406c9473cd222387c6a718155,,210527codeofconductfastned.pdf,,,fileName
4ebbad28609ade97ec3673bc150cda3666fdd5179c9a2870866cf549da72f406,,SK하이닉스 지속가능경영보고서 2023.pdf,,,fileName
4ebc91fce0994577d4563a6ee5795b6061e0e9c5715657f1a2d305be44cb1b5f,,Integrated Report,,,fileName
4ee997a8c09fc0e072672318c58eb944ba5f9de7dcf1ee7efe341b8bfd5a48e7,,Annual Report,,2022-03-14,"fileName,publicationDate"
4eebd20b418cb8fcb07b4b62e5c3abe9917668be3399273eec2bbb35d278405c,,APA INFRASTRUCTURE LIMITED/apa-policy---anti-bribery-and-corruption.pdf,,,fileName
4f009b29bccc56a4df572f8d6c41291f0b2685fe9c3e060a0a75c8ff3e266e6e,,2023-12-07_edenred-supplier-charter-vdef-group.pdf,,,fileName
4f1c667138488358701c2bc00300a9808c9980810cbbdd37984f90f41bd34175,,Public-Storage-Sustainability-Report-2023-vF-1.pdf,,,fileName
4f215e600b55dd01e749919e433209250a3d88e173db5db121815d6abe6bf44f,,Integrated Report,,2022-03-30,"fileName,publicationDate"
4f5841eaf41f79b4e657d0f95a6d5763cb125e0b519c2f62ef69df04618306dd,,Integrated Report,,,fileName
4f8bb3db54a244d782304a61e3bc33b299942f59192cb1517c68999b7cd373f5,,Annual Report,,,fileName
4f91cd39c33549608094a379067e94cc6ddcfb3a89946e779b4bc64298fcc206,,Integrated Report,,,fileName
4f9313cf217adc70c662c95c66fcbdcd34147d4b50be72ce39308da3d1632535,,2023-aflac-incorporated-business-and-sustainability-report-3-21.pdf,,,fileName
4f9f56229878a09f6560ae5955ace40029a18c92a39e21b2c36ed28b31eb805e,,Integrated Report,,,fileName
4fa12208cea5671e20e7327cb2588edd1abdd90babad15a1f29b17d81c62c405,,Samsung_Electronics_Global_Human_Rights_Principles_en.pdf,,,fileName
4fb7f5aafe7c37aa3769d15bb304a9ddf5a35bccc1c65e88151622375938afa4,,Annual Report,,2022-05-18,"fileName,publicationDate"
4fba29261e3cc75cbffda15c584955ebb5cc057e69ae3f5072c5a23bb391e763,,Danaher 2024 Proxy Statement.pdf,,,fileName
4fbbd108adf863bbd936b533e2bbeb876501b4498573514c7f35321903a28287,,Annual Report,,2022-04-28,"fileName,publicationDate"
4fcc943b8738e5f307fd767fb034e657cdd403e8d636e0040d7166d016e65b5a,,Zoetis-Annual-Report-2023-0.pdf,,,fileName
4fd3c0855a050c23856256c896150aaf507e114a1783f3901febac810dbdf339,,Annual Report,,2022-04-04,"fileName,publicationDate"
4fd624b5e6de108bc429662fe084585fbce74f5d8f19dfe7d3decb5ab9230188,,Integrated Report,,2021-10-28,"fileName,publicationDate"
4fe407854da083bdb465bb53266eaf2a18aaec261eaf9521baa5b665c841e6c3,,Sustainability Report,,,fileName
500b931d1ff9c7a0acf892fb2cb05bd5adcb2b64b102045182bdf31b1b81442e,,wec-corporate-responsibility-report-2023.pdf,,,fileName
500e8c053f8c63ae0697cc13bf761d1b9d4434c3a145f56e46df22ebd8666d38,,Annual Report,,2022-04-26,"fileName,publicationDate"
501135a1fc157948bd87b730e3176f4fb3999323d3748e192e8f9250f17862c8,,Annual Report,,,fileName
5011c70636d6b2413f91ae332f739387e8e41c4496cda34e3f7ed093436fcee8,,Annual Report,,2022-03-16,"fileName,publicationDate"
5033f543df86886d4b70c12b353ab132e719b009b12ca1307fa3afd984fb0bdd,,Integrated Report,,,fileName
50933f7f27cf9e0e85548c0a2d3e6975834743d999aa069f5d7d4c55c4c1d200,,SecuritasTreasuryIrelandDesignatedActivityCompany-635400BJYMDVAXBPJ960-2023-annual,,,fileName
50979274bae9c8d4fabec53a7be8df7f46afaffb318f080bf4f00230d80aa1ca,,Aurubis AG/Aurubis_Geschaeftsbericht_GJ 2022_23.pdf,,,fileName
50f7941ef99efff7a6e460c04bbdd7800d830182cb711fef3b11870099e0e681,,emirates-group-anti-slavery-and-human-trafficking-policy.pdf,,,fileName
50f91114e5ea2e67d4605b4999e66fa1a0e23dc6e809aa8c602d129447f46bdb,,Integrated Report,,2021-06-16,"fileName,publicationDate"
5128e9782a53250c03ea9df5e9cb6b34a5d52d83bc25e6ff453f2d8f23e13b96,,Annual Report,,,fileName
5139ec1d197ab04a6d3563cfd73bf4c76fbe9e9ef80e05a765521d8c325c49e9,,Global-EHS-Policy-EN_ddc.pdf,,,fileName
51583e2cd068391556dabce9a33fc48865604f7630f7ce7a71b99d5355795537,whistleblower-policy-july-2022.pdf,,,2024-05-03,publicationDate
517edca0b6c8b1d0e1e65bf790aad2819127e3a299e15a478d4d197f8a27cbe3,,Annual Report,,2022-03-16,"fileName,publicationDate"
5198a18aa1696003c4215dc4a752de1f30e27b620492e1f46a63181d966d4b08,,Sustainability Report,,,fileName
519cf93aef19e6e8524ed9c52b9a99ddc4ce8a7d001f6d3b2eab8857c6cf170a,,CONOCOPHILLIPS COMPANY/18-0584-sd-focus-area-charts-human-rights.pdf,,,fileName
51bb345307233940b26ede18196ef71582029027eb7a17881807e7828f7853f3,,Sustainability Report,,,fileName
51cac916c23be5becd8796a0b2e08dcb6302777bf655b6000aef4245977658cd,,2023-annual-report.pdf,,,fileName
51dde87ca28eb70605f39cf3bc7b78b62138642dd3ca5ea0fcbf09246032c503,,Iberdrola RE SA/Human-rights-report-2022.pdf,,2024-04-24,"fileName,publicationDate"
51e93f2ee1d4ac2f90de64a9702e942e62abdc696a3712ad6a4d983a1a216e75,,Integrated Report,,,fileName
52414fddec31a1a55d83f6cf1a063d130ff24c871a079055ae944356ce401ee2,,Integrated Report,,2022-04-26,"fileName,publicationDate"
524b8fd1ebf5760e80740039d66d99645e5b2c4f0401f9465a2694b26d673e42,,Annual Report,,2021-10-29,"fileName,publicationDate"
524f338c05c9a2d3c47bdd6260f0f19a7cc22bdb7b51cc84c45b0db716d4f365,,Safety and Operational Metrics.pdf,,,fileName
5257edf8ba3075aea8b492bb95c354f7d34c5a93675711bd3f6c69be5d5bac18,,Annual Report,,,fileName
52604f74fd3b798e151732bec8e0a78ea104cae1e1e67434635272902dcb3c13,,Annual Report,,,fileName
529bd0199b71bc2184124d02be17d5858ffe972abd3da39f6a5709e0ef99c190,Sustainability Report,,,2023-04-03,publicationDate
52a03afc6465106e4aa624726fc75a6f6e17589aa85e2d4010890b4be8584eaa,,Annual Report,,2023-03-08,"fileName,publicationDate"
52b533faf022553015d78ea2c6a8b457b2983247c139ba7043453170aa9cad0c,,Integrated Report,,2022-03-02,"fileName,publicationDate"
52bd93b960b523dee7ac80563df6116581d9b837f67e743078c937507c0b9d8c,,Annual Report,,2022-04-27,"fileName,publicationDate"
52c05cc002edd5bd126b26a61a386417c9ed2d52e2c796e16f2d6a717ef01a3f,,wec2023-notice-annual-meeting-proxy.pdf,,,fileName
52d1e6d85b9ed13885bb0f1a71e26895ac815c0d01afe8e0e62af5ea6ef8c16f,,"MARS, INCORPORATED/Protecting Children Action Plan _ Mars Global.pdf",,,fileName
52ea9eb357056dcab60f6bf87240603c2fba25f517f83411c602fbaee5e6b6bb,,Annual Report,,2022-05-23,"fileName,publicationDate"
530227d4f7fbf57fe6af2dadfe5874cefaec546af915e57ae395f509567929a0,,Annual Report,,,fileName
531d426e1f5335bf40418d5f3a78ae1f692b7cb088b53c150da68afca437776d,,Annual Report,,,fileName
533f12d5391715c9761cd72fb798d2d38225a1f19afde6428632e8af0820ba02,,P230024_DB_SIF_EN_240207_EXT.pdf,,,fileName
53418d846f3e0dd96aa321b070d09ee55c345407f4a9b635d6393b425b118dc3,,Annual Report,,,fileName
5343cddc11807331632db7cdb0ae336827e902d30260f496ee90b4bea8dbda87,,European Investment Bank/20240132_guide_to_procurement_for_projects_financed_by_the_eib_en.pdf,,,fileName
53697f98a14c81f522dc6736d1b9461cb78a0efa64b4f8608e937e1c49f5ab22,,Annual Report,,2022-04-29,"fileName,publicationDate"
537875612e791075666dce7bea47bdd8940b0907841d92e5f891a6ae0d33a767,global-ehs-policy.pdf,,,2023-05-18,publicationDate
537b7f311b2d0e16aba515b81e9234f8f4cac397f027878dca8ee44c89acc7e6,,Annual Report,,2022-04-11,"fileName,publicationDate"
53b21f16ccae9c3ea2b5593a109ba05ce0968a9b153c677b92e8d45bb107fce3,,Sustainability Report,,,fileName
53ca4ac8cfd512b62637cd931480191dd62756bc36946e1abaa2c1629fa938e4,,hmc-2023-sustainability-report-governance-en-v2.pdf,,,fileName
53d0c6ab56d0851d39437e97bf4122ecfaf93093d63a998dc7752b1db35e2a91,,code_of_conduct_english.pdf,,,fileName
53ded9a33b7774a9990c4a7483119bba9f5a4c875df107a8ebe280fcd051000c,,ALSTOM/Modern_Slavery_Act_Transparency_Statement_ATUKL_2022.pdf,,,fileName
53e526473b0996f326fb787c6e2c1cc71c18b34512acd8e91d60881787784b4f,,discoverIE Group plc - Sustainability - Modern Slavery Statement.pdf,,,fileName
53ece62abffa44e9e079440a854f206e4d03620e956eb0d52e74d76b8090f275,,atlas-copco-group-sheq-policy-2022.pdf,,,fileName
53f85a5da04dbdfa60bd46779aef55c26d483c7903ea42d8fe54596eb25ccd93,,2020_Meyer_Burger_Annual_Report,,2020-12-31,"fileName,publicationDate"
54019807597b35243aa0c02278192ac05e5b39b034ee9a6d91413245fea9ec8f,,nykredit_realkredit_group_q4_23_2024-02-07_en.pdf,,,fileName
541585b0c387e30e66a04366558d26a306612903d42413d9717b5f0df87711c8,,eandSR23-English-compressed.pdf,,,fileName
542611df2b6a90c611ffae54ff9bd887bd01969bd52e62fb993360f65faee67b,,Form_SD_and_Conflict_Minerals Report_en_ddc.pdf,,,fileName
543f4eb589a76adb8867b912d1c16620cbc313bc8cb363fc04e9dc542ada9d5a,,Annual Report,,2022-04-08,"fileName,publicationDate"
5441d423314e7dc66329b2ec9a6efd7019b9bce5a07480009bf58c037e8ed19e,,2024-Q4_Annual-Report_KION_Group,,2025-02-24,"fileName,publicationDate"
544a07eb9d46e4c2734fbf52f34b4e3f1a7102d460ed31da107d2c4db407976b,,Announcement20240426_2.pdf,,,fileName
544e128f2c5b85a5764e6ecbc14807e0d075cff5351df1c768bb32a8b5eee0ee,,Annual Report,,2023-03-02,"fileName,publicationDate"
5456918fb2080849d58d63276ddd33b7cd789fa845f9258ca70b32a25754e70c,,0001166691-24-000011.pdf,,,fileName
54823351015fc15b494d5c1b689476d2099695f5ccc0cf0fbb2fb2915b4fcfba,,Integrated Report,,2022-03-17,"fileName,publicationDate"
548358e8848f9e85622e606372f1ab9747cb02c4bfb229cebe05000d64487117,,Annual Report,,2022-04-08,"fileName,publicationDate"
54dd9926bb39fd6e212259f1a8375e7c502da9cf1e4e182506b7e076167b2400,,Annual Report,,2022-04-06,"fileName,publicationDate"
54f1545842e3d2ae120518b9abe46dcd30a73e9f58a92dcbf6093b329325c266,,document,,,fileName
55050dedad1aa03398289d938b197e6023c5373db2aca6f0613d8f40364a8964,,TAXONOMY_CASA_2024_URD_EN_Version consolidee.pdf,,,fileName
5524f6a3bb816459acda40c617a313353f05de2811637d4f4f3360bba558fba0,,Annual Report,,,fileName
55262027b1fdf42c1d5a8abf10f37c7528aa1b293d73451fb30a0b1598b0fa73,Annual Report,,,2023-03-01,publicationDate
5540e67bc557c0ed386d81844479343b259c73c780ed531a679f24cbeeadf500,"REDEIA CORPORACIÓN, S.A..pdf",,,2025-02-26,publicationDate
554d34751a03bd95bc0466d812445cf2e3bcc5b62ad068f024a38f2db70037e4,,Annual Report,,2023-02-23,"fileName,publicationDate"
555ee8ca146b5f42e20d381bafc9bcecde7c8da53504868f5ff280d4e7be407e,,Sustainability Report,,,fileName
5561544c7de68d616e86d849b56cb2e31f8b810bfbc696e3f6225df6aef824f0,Annual Report,,,2023-05-23,publicationDate
55710091b7ca482f081c835b1515220158159eeda0d1c9483848e762053dd0ff,,Annual Report,,,fileName
557ed945555ea9fa72b87f705c9f9a9e32cf341bccbc690171b9c6ec1ff5321b,,2021-nexans-urd-en,,2021-12-31,"fileName,publicationDate"
5592409950321c8ea8110a635010263ea529eb42cd1d3b005275c330df6aa8c6,,Integrated Report,,,fileName
55a874573745f6a0e70349042c08e52e261d6cc9ca51af695bde9b71978c17d3,Sustainability Report,,,2023-03-30,publicationDate
55ba1f49201990e5368033b7e992e9b84fb280ed714e2309e1dd81792fd8f754,,2023-annual-report-on-form-10-k-with-shareholder-letter.pdf,,,fileName
55c02f87355a709f39a7ab85a7a7a2715e4deebdf39120a03d19420cf3a7222e,,Annual Report,,,fileName
55cafc20f394faf889e0e575bdcb4285f6c77a409e7c356c73e968de979e9245,,Annual Report,,,fileName
55dd9c0e7e2caa84dadbd48e4fa1e1678bb0cd2ee62799f6a079c293bdb2dd2b,,REN_renesas-supplier-code-of-conduct-en_OTH_20240729.pdf,,,fileName
55e055cd87ae51bc47f0f0e9abf15cd4956d1fa9ab2945e0c54a5fca45b43990,,RWE_DE0007037129_Annual-Report_2021-12-31,,2021-12-31,"fileName,publicationDate"
55eae68a4932176a5a9b9b57d9df121d1d6d872c5d8a7570270cb9a67728d16a,ICICI BANK LIMITED/code_of_business_conduct_ethics.pdf,,,2025-10-18,publicationDate
564f0b52a7974b2fb440b559c55ca3840ceee115eba6fd77da9fd28e3591e7f4,,Annual Report,,2021-09-03,"fileName,publicationDate"
567486aca91bbcef1f58e381217d3c88c018c1c13e436082c904f652d3ea464d,,Annual Report,,,fileName
56cd497d765dc4892002c2226f17246c078e2e4e452e29010b4cfeb5c68f5e8a,,Annual Report,,,fileName
56d7ef22cb301f915e823b50b4da081c28aa672723351550789d88d852f3799c,,Samsung_Electronics_Sustainability_Report_2023_ENG.pdf,,,fileName
56db106de650d47a5843885f17dce6dd109f7ceed76e1520af209bf8eae552f8,,Annual Report,,2022-03-09,"fileName,publicationDate"
56f8e76297cfddee64efd63c08bc196771657264ffa23d53f4d9200301cb3cd8,,Integrated Report,,,fileName
570962c40a85e07125c957174ef64c34a1f675a75f6f210a22bcbd0207ee45df,,Annual Report,,,fileName
5718bb11340b669542408d8f3381dd5db4c3947c5cacf31b03d2d9acbf19a66d,,CreditAgricoleSA_IntegratedReport2023-2024.pdf,,,fileName
571c72f95534c3a1d59ff010adce101ab9d46658d6557042e73f457814e60e74,,Annual Report,,,fileName
57c6369d88cbd89e11d0417d98a011228c37a1de4444bd0e6e527d074ba2b40f,,Annual Report,,2022-03-03,"fileName,publicationDate"
57d1bb5213978bce98872053743f55d4d26a855b08d3a7291030f8f4ca88e94a,,Integrated Report,,,fileName
57f2eff0bffb3b7b924dd55e19bcdc0b8944e4e45585bb54d69451fec076c7c6,,enel.com_content_dam_enel-com_documenti_investitori_informazioni-finanziarie_2023_annuali_enel-finance-international-nv-annual-report-2023.xhtml.pdf,,,fileName
5803573e4b26dd811c3afc701f14589e0169b1fe8fb89a49bfc3ebfd43aee60d,,Integrated Report,,2022-05-12,"fileName,publicationDate"
580868e827056b4d7f3d208320ffdd69081ad99151c911ef10a0316825c62fad,saf-holland_code_of_conduct_for_suppliers_english_v1.0.pdf,,,2023-07-19,publicationDate
583ec851d700abb2899b32935d204065c1c0b18fda089be5507e478dc8eb2ce0,,Annual Report,,2022-04-14,"fileName,publicationDate"
587964b4a0d71f385fb4ec1de96af0210a9c1a44bbbc439fc1f6ae9f9f0b8afe,,Annual Report,,2022-04-12,"fileName,publicationDate"
58c853cf7a1a5fe420809348e3a3f90a80e4be024e05e02cff3a8410723c8e8b,,AIR FRANCE - KLM/KLM-Annual-Report_2023.pdf,,,fileName
58d22690aee4d26e13c949a79e3d19faa8aa99d6ca7e2f8c18595f745a54dfb5,,Annual Report,,2022-05-11,"fileName,publicationDate"
58d39161c3259e29337bd390450ae92b6b1651277360449c9b039fed3c4b1c31,,A4_Egalite_Hommes_Femmes_2023_ENG_5_1209f191a1.pdf,,,fileName
58da39a9b2388519692e6f354016af15b2c876158715ec8f8308280c6ea90eb8,,ALSTOM/CODE OF ETHICS_UK_SEPT2020.pdf,,,fileName
58de44c5bce9dcf55c72f252f3424ab085028d9f413303b4e3091dbc7ffc543b,,TAXONOMY_AXW_URD2022_EN_MEL_23_03_23.pdf,,,fileName
58e8660a09b060c6b38bd144fef459ccc7d3a06c3d8779741ee2bd83c47aff82,,Sustainability Report,,,fileName
5952f895b841e086226ed00305d4de7825845b86a2803be56d4d6b96d040aac4,Code_of_Conduct,,,2023-11-17,publicationDate
59560c80defa55a7ac5bc10a5bd2e68fd5549ec86318d9c1afb3770b50bd7de6,,Integrated Report,,,fileName
595bdcf5043bcb9d5c56037de6fdafe069100a3e32caa4bf5d19a4b5ffea28f7,,Integrated Report,,2022-03-17,"fileName,publicationDate"
595d2d3e5ed511963163b485db9ce5cc1cf5f4a32eed8e62c7454669f683cd05,,Sustainability Report,,2022-03-29,"fileName,publicationDate"
597da97026d4f98f5469083093a672fafcd1676356854c6c85eb9bb7cb5236bc,,Annual Report,,2022-04-05,"fileName,publicationDate"
59821fa8c1511daa47a6a5c19f42104948302adbc7e07c2724e97e796606ec1a,,Sustainability Report,,,fileName
59ded75f094ee46cb5b9dfc5ca2ef679fbac573be8b4c02607ca800d4af5b48a,,Annual Report,,2022-05-02,"fileName,publicationDate"
5a25d3fb88f2477581ec41b7b57c02304e9c93e89993cefd6f914533da2383c4,,Indigo-Group-Consolidated-Financial-Statements-FY-2023.pdf,,,fileName
5a51433fea340771b5dfdc9c1fc55ea0b2f84c67cd896f7dd49dce5b06368234,,renesas-electronics-corporation_2023.pdf,,,fileName
5a7090736a9410612b0b5885840093cde674d23e893a3acf23aa4d9020a75445,Annual Report,,,2023-03-25,publicationDate
5a75633994f0beefe98ea1ea70bab025d91d3aa7fcce6e3427b3ce3d351798cd,,Annual Report,,2022-05-02,"fileName,publicationDate"
5a8d13e2d33e83551e5faa4f2555a4a309065c469686479a722b031b0bd764fc,,"MARS, INCORPORATED/POLICY_ Anticorruption and Human Rights Expectations for Business Partners.pdf",,,fileName
5ab21f3f1c0bee262079cc94a022f8273ec11156c20689ab1dc801d279c18e50,,Integrated Report,,2022-03-11,"fileName,publicationDate"
5ac4336183a436a2f04cb164d6712149576446398df2accc08007d7e0b855240,,Annual Report,,,fileName
5ad41a439a8809354478a778e30eff2896b39ef3ac3c7d124194a51b1e17666e,,Integrated Report,,2022-03-24,"fileName,publicationDate"
5adf81246e4f662b431cfd342b4bbfa66e582be2c7436d02f7a00ad85027e8e7,,Annual Report,,2022-03-30,"fileName,publicationDate"
5aea3c113f4952c76058e445f30690b53be7b72cc396364920567954d85b8410,,Annual Report,,,fileName
5af88aa7da97680b355c34f29d2890d1aebfffbab726989cf23f377877085068,,Annual Report,,2023-03-21,"fileName,publicationDate"
5afdf37ee2effc08b7ebcaefda8ab482d7904b84b70ea6a63ab02d85f3387d5e,,code_of_ethic_and_buisness_conduct_01162024.pdf,,,fileName
5b09091e121bfae9faf8b038c6cb29070af0b30efeed3a04a85d5ee100f0f703,,Anti-bribery-and-corruption-policy.pdf,,,fileName
5b32036257b21b26809aa985df8b17a2d8ebaf256b3f8b369dc6b30d3b2a6d84,,Annual Report 2023.pdf,,,fileName
5b40fe5c56e7a102e4f062a4d4e9ad727379dfd4bf5252a1700496e53ee03692,,Annual Report,,,fileName
5b95c5d30d48e9e8609334b3e649e116b4facf3d7e0cf9647760a78f02b55b90,,Annual Report,,,fileName
5b98558c466f3ca4eaec8985163c398f3b568a3a0f911566a9d7a1dc20256a3e,,Annual Report,,2021-05-28,"fileName,publicationDate"
5bc7f9c9df63269bf9f53e034f57b25db111f535c82ec819c60c6347347405cc,,Annual Report,,,fileName
5bdd7efd32cbcfb0ed3ed03a9cfba58e0bef026569162362b55f6844f4d47238,,Annual Report,,,fileName
5be6df8819e8e702d64f1b0da6b67be94dd050d67d836ddde1b1e430d83a53fe,,Annual Report,,2021-12-06,"fileName,publicationDate"
5c0b3ad6deffd1a6d6a296e975f35d0bc915fe78eaf40bbdabd4289e20f632f4,,Annual Report,,2022-04-27,"fileName,publicationDate"
5c16f075e5c9643fc63126b9b9f5a92019dd665ea79ee301ff5550ac482a1e0f,,transurban-finance-fy23-annual-report-2925373.pdf,,,fileName
5c1ee8031c40acab81e0cd9bce958627f7363112f1a6dc183365ca8b76e5336a,,Annual Report,,,fileName
5c39af52bc0e5ebc2e335b826a7faac1a44fe3419d4f0fb5cb685569efbf3304,,Annual Report,,2022-05-16,"fileName,publicationDate"
5c39f2643d35f21c1f7724d9cfd6507672d28873ce84310d539754496a41a660,,edenred_anti-trust-policy-handbook_en.pdf,,,fileName
5c45923354159468cae3f74f60dbc8c4cd2aeed7e8b207b40c8b5c15d09fc2ef,,Environmental-Policy.pdf,,,fileName
5c4c0a19fb4bc3f3a1615abbacb08fa9865a86d7d3c00e49cf27e841e56fd285,,ESG Report,,,fileName
5c6f4ca28404558f9db68aeaf189cdebc8dd884c9eb2c7a126114168e9916ad6,,Annual Report,,2022-06-08,"fileName,publicationDate"
5c93025cde8835c6d48ff8ea166942419599841109be4aab31587bb99cc262be,,danaher-2023-sustainability-report.pdf,,,fileName
5cd58d190dbdca933cecadca2721c51b9f36012c8768572e902c7a2540b4799a,,Annual Report,,2022-04-19,"fileName,publicationDate"
5cfd5c28b81eda28f76b756e81526d9b52bf7e17d525359ad53c26c66830ca62,,Consolidated-Annual-Accounts-2022.pdf,,,fileName
5d0ed8d56f968d816aba9bac23145c356197f560a52f5edc459909a59a65e0a2,,Annual Report,,,fileName
5d25939e8074321c42a0e15b011da257245d507ce00b2d6f8abeac2b8b0e3d4d,,Annual Report,,2022-04-21,"fileName,publicationDate"
5d47a525e08dcb6ae476c01297b31dac5f7d013d3b962a32683c3c5ba704f8cf,,Annual Report,,,fileName
5d4fe74a8017c03200746e9d49e4d98e43fdab5441347efbedeff68f59e52913,,Diamondback 2023 CSR.pdf,,,fileName
5d52320c806ab9bc67239d26a959fea325dd68ffe66bbf44bf34ef49678e887b,,MetaPlatformsInc-BQ4BKCS1HXDV9HN80Z93-2022-sustainability,,,fileName
5d75ac53d2598881cb50dc5e4614ae313af80a8084e28431a1c7511108b9fbdc,,2023-Proxy-Statement.pdf,,,fileName
5d8f2eaf0bb38ee20d9623ea6be5c0821793c982e1394f5797218aa228e01093,,Annual Report,,2022-04-27,"fileName,publicationDate"
5d99ad8c354df1265de64c4cadd96db147649c135a0d5a28255cdf204e13840f,,Coöperatieve Rabobank U.A._Annual Report 2024.pdf,,2025-03-03,"fileName,publicationDate"
5dad3a8f1dca1f69e9bc52f70f3353ec639203cabb780c2a31907302d37328ff,,Sustainability Report,,,fileName
5db8e13dc8180ad153ae1e9e7c60c992199225890b7809b8a8a1ed4763b0f497,,GENERAL MOTORS FINANCIAL COMPANY INC./2023 Climate CDP Response.pdf,,,fileName
5e0a27aa8aca4b16a498ba6737a9e5f265a6b562d551ee2db92b0b56dcddba84,,Annual Report,,,fileName
5e4466f4efc1aeca2ba79370e07b5241ef97bbae8f10727f877068248bb03a1e,,Annual Report,,2022-03-17,"fileName,publicationDate"
5e505cee61b4926f63d4656db5603d771164c7b4854e585d65539dfdd733f0a9,,marvell-human-rights-policy.pdf,,,fileName
5e7f8d96ba18795efee109bbd6f29d608c5119aae8468359e54503e5273b4fd4,,Integrated Report,,,fileName
5eb54d502c3bc0050f428b4bccb7bbeb6eee8293aacecbf68cf870ab8a9cb324,,Annual Report,,,fileName
5eba4f4b14777cdc8a01b7d43a39e839cf03536c4fd88de667ecd9464415339c,,0001308179-24-000600.pdf,,,fileName
5ed4fee1d8e007eadd07320321b51e7aad8c9f3ab5b0fae5ac6f40d34be07b36,SZAG-SupplierCode-20220914.pdf,,,2023-08-16,publicationDate
5ee13e7fc4d725d1e779e8d5fc7d33d133ea0573e9d033f4d7b4160eb95c7d8b,,657766a791c25604dba5dd9a_Grainger 2023 ESG Report.pdf,,,fileName
5f1b00dcb3a31c9d3994cbd77d0bf46befdf17eb264b54cc5e9841bcda4a9fdb,,Annual Report,,,fileName
5f26a990d3acbca4bba7b9984be97073bb317556577d9885a29ea421475b26ce,,kurita_Sustainability_Report_E_2023.pdf,,,fileName
5f528ffc2dda2a809a3f235cc6d679f94056f228add5ce7cb0e25c30871f5294,,2023_Financial_Report_iliad_Group_465a06fbe6.pdf,,,fileName
5f5fddb4d5fd7c7773ce875d416b8bad62902afaa197869488df5c181995b09c,,Annual Report,,2022-05-03,"fileName,publicationDate"
5fbd9faa7442395a921b7ecedc2762e1e0a34f863ce5979c1d2707de3003c630,,Baeredygtighedspolitik-Februar-2024-en.pdf,,,fileName
601b4149efd9287434dc2a36cde0e4b93d7758d642cd033f3bc88d91e5ce296b,,Annual Report,,2022-04-20,"fileName,publicationDate"
60538be402af2e2982c862decaca8857fd1af440ee6a8647e45577afa2fcdae9,,Deere_CBC_Code_EN_ddc.pdf,,,fileName
605a9bf56c5f86d76c85a52b7cfed9ba1de27c0116fc04a66807beeb3d5ddf04,,KraftHeinz-2023-ESG-Report.pdf,,,fileName
606a2b6155fcf60f01f84a2bd383fe668af01a47ccd28f14d0709e30b2b33d65,,Integrated Report,,2022-04-12,"fileName,publicationDate"
606c6352a535dd641e707c175b17a6e21362cdb5af5613ab3704a71447025718,,Annual Report,,,fileName
6087c454c30dc7ee4c8ec5ed57d8f8e160644514cd6e8ae6001aed1d20116c58,,Annual Report,,,fileName
60b9caeec6067099fce7b1224ad54d28a3ff4fc59cda6bedb33bc1b52757495a,,Human-rights-policy.pdf,,,fileName
60c57776b26d4e1aad57ceea98a749f1ba2016abbbb718e57800f37a6fa89a63,,Integrated Report,,2022-03-18,"fileName,publicationDate"
60ec359df3a8d2b4cdc52ac1e2b0972a5edf994bfd0fba6c205a282885346bbd,,JAB_Holding_Company_S.ar.l-Annual_Report-2023.pdf,,,fileName
61111900bf435655c80a6505d95dffdd8ab35d66e45b9a5343401144c7ff0377,,modernslavery.pdf,,,fileName
613a59f3c1abefc35bda47820d2211a1d3a0bb6134ae9d1d50ef276bc1ae8bd4,ir2024_all_en.pdf,,,2024-11-08,publicationDate
616ce9ad1596311e2d2ec20dabedb36e1018e952e4616554c6b506a502f54ef4,,TMFNL FY 2023.pdf,,,fileName
6175fb17b48196748df8e11f41bdf502c7f26db5f25505b0fb906b29e692a843,GPOL-00377-v9-7-Anti-Bribery-and-Corruption-Policy_tcm339-58511.pdf,,,2023-07-06,publicationDate
6204d9eb20e5eadf03f35c36f8a432b078a2ec323c33c92d2cabbaf062989066,,lowes-2022-corporate responsibility.pdf,,,fileName
62092658fa8303be283a25c6a463ade7ba3c08b210a76c738908361d1b4865d2,,PUBLICIS GROUPE SA/Corporate_Social_Responsiblity_&_ESG.pdf,,,fileName
621579af7473313f91ebbd4aaabfd68d97f8249f9b0eb00a4eed090d0ab0a889,,Integrated Report,,,fileName
627d8ae4450b0e8d6f3cb50579e450dc99ef112471e8e35e74b03b26ca51e3b9,,Apple Inc./Apple-ESG-Index.pdf,,,fileName
62b44341a0f07c22b4114bf0dbf18a93dd8cd78a7e1d5bc66ff6bae584d86ffa,CocaCola_Global Human Rights Policy_Document_20240419_v9.15.pdf,,,2024-04-19,publicationDate
62da0afd8c8736f70aa128b8d76a24bf135e2a41d992b8ce94e1eeb83f0e2939,,Goodman_Group_Annual_Report_2024,,2024-09-02,"fileName,publicationDate"
62faa0c56a25a2d6f3a6fdcf55f390d083776292b26f6988a7e0a18b3710adb0,,Sustainability Report,,2022-05-12,"fileName,publicationDate"
631f08c458b69a208fed23dc79763fe9a73e6b7d79963cfd1c4ba3317a9b85d4,,sustainability-brochure-ibb-group.pdf,,,fileName
6332b8c0da7ff32b1dc15c1658ba54dbd623090bea19d6e54f24c145eead5c3b,,Beiersdorf AG/Beiersdorf-geschaeftsbericht-2023-de.pdf,,,fileName
6345fbf747d637c99838588ec391d814ab07e9ff53adb517cea197ff77d5d7c5,,Annual Report,,,fileName
6348168d3ca1b2069f5284fc839654d71943d8dfc00a4fb4d1709bc3420f28f6,,Annual Report,,2022-03-30,"fileName,publicationDate"
634c941479f8f905458a715e5633c940022fda5b9a4b1e8b8573d24016a8baad,,Annual Report,,,fileName
6354001f610a492861200b87ed3e14aedac0dd3a2296ddffe5aae5599b945317,,Integrated Report,,2022-04-13,"fileName,publicationDate"
63544a3a8cf798668a6397b562779338cd0dbdcb93b754742514aa6016714e99,,Annual Report,,2021-06-26,"fileName,publicationDate"
63673af4908dd89fab18511e0f70420e22419dbbbf884d3c8c4a7b452d1e1973,,Annual Report,,,fileName
6372e0a4795a3ad5e3db52811ce2afb4281862b14cc5d92ff83dab94da65b585,,Integrated Report,,,fileName
63b473b4101839e501b33171a0bed7c60310a416b255d19fb7e3ae35dd5eb382,,Annual Report,,2022-05-12,"fileName,publicationDate"
63ba624a2ea6fc2ce3756e84894e2c0951a2be75c236daf3bc0867b1779350b9,,Annual Report,,2022-03-28,"fileName,publicationDate"
63beb8b3faa808531befd633cf40f1dc3df079cceb7fd630c54970942da2f70b,,Annual Report,,2023-03-15,"fileName,publicationDate"
640705493a0fd97f351094d67833bd2e21ded433c7f940c8c3e320d4ea6f5d12,,Integrated Report,,2022-03-07,"fileName,publicationDate"
6436b07f44527b0d33187122f4308ded7d13fc89a804bc72e04dbcf214ae9a34,,Annual Report,,2022-05-31,"fileName,publicationDate"
6437c7574d04039993c0410f671204c79f522b33c21a9265940dac068e04daed,,EMN_Stmt_on_Slavery_and_Human_Trafficking.pdf,,,fileName
645ae4d69bf66fac166a62907eaf1fa50110c2dbab1497aa7cef814fa9758c5c,,Integrated Report,,2022-04-08,"fileName,publicationDate"
6465849c6c891cf0a8559473c458f36bdd7134347ac2e159e9f57ebc5718827e,,Carnival_Corporation_plc_FY2023-Sustainability-Report.pdf,,,fileName
646c1b342105b50d8d30b41da3111a2ed0a5243baf6e9a2baf2e4a52b2801fbd,,VAT Group AG/Corporate_Health_and_Safety_Policy-vat-health-and-sefety-policy-sep-2022-de.pdf,,,fileName
64715c594210a1e87c54fb9254221e2a33d9a6b36af62bf34de608ba00c7ee1f,,Annual Report,,,fileName
64874fa809811ee3585729f585f4c3b543317edee836aa47f1f28aba49c0230a,,TAXONOMY_250403-Symrise-HV-2025-Unternehmensbericht-2024.pdf,,,fileName
64de9e430bd3611d168e16b88b95d527faf5ac55c1aa8f1049bd2e0f00ad0a97,,GENERAL MOTORS FINANCIAL COMPANY INC./GM Global Platform for Sustainable Natural Rubber (GPSNR) Disclosure 2023.pdf,,,fileName
64f452a23bcae38a778e526cdd7120a301de63ca91c3948a718d808b7b054a98,,Annual Report,,2022-04-29,"fileName,publicationDate"
64fa069c95c6ab8540e6391bc2942d41f699f3bfaec6c767f623d216a7de8d45,,2023-Annual-Report.pdf,,,fileName
65362668b435916a4b2f6dce9222262667ed9a48a6d300fdb6b1b865d0742dff,,Annual Report,,2022-06-14,"fileName,publicationDate"
6546a4623a200a11b146336186b56a40600c8e2dcce25648ce487ed1f1e65be2,,CA_Auto_Bank_Code_of_Conduct.pdf,,,fileName
65679bdcc4c64da16548ce9d36d959ca25deef414a4c1917fb9f1896b13fcd0a,,TAXONOMY_ARKEMA_DEU_2024_UK_MEL.pdf,,,fileName
65753e6bf49d7ecb4f33ea176cf478865c77a0568789a081c0613aaf011e23bf,,Integrated Report,,2022-04-21,"fileName,publicationDate"
6594c284d4aef338bf86f926dd79816dc4916c4908e05461ef393b42a802bf17,,Annual Report,,2022-04-29,"fileName,publicationDate"
65a09fe70f965392978c15abc267135d7cb9b1211ceb88aa22730dd694521e81,,Annual Report,,2021-09-09,"fileName,publicationDate"
65e521beaa7a6d48cc1c5db2387f720473ff70c8eb6868165f2895add9a00327,,Integrated Report,,2022-04-04,"fileName,publicationDate"
660018c0e296b84fe89a6bf5ae05e3571dcc81f4089bb5c16a747b0272426f4d,,Annual Report,,2022-04-20,"fileName,publicationDate"
6635ec5dd5bf95a994c1026eea2512bb1ee4bcee300a840848e140ea2152e747,,Integrated Report,,2022-07-27,"fileName,publicationDate"
66443d8ea069641676988ade8eeb0952e07988e252f18ff74e0b5aebe74e0913,,TAXONOMY_2023-universal-registration-document Aeroports de Paris.pdf,,,fileName
665094348ce317fc11ee25a5fcdd67d1d5900ee3135011dc066ae8270c9360a6,,Code-of-Business-Conduct-and-Ethics-Dec-2021-v5.5.pdf,,,fileName
666b012f59f17820b4e0fe0168614551af2ae48294b0fdb74970246b4e93640d,,slavery-and-human-trafficking-statement-2023.pdf,,,fileName
6679ce9bf669ed6e06d0853ed74bc224408c68cee7ecbbd55ddc0c7977df6b71,,Land_Nordrhein-Westfalen_ESG_Scorecard.pdf,,,fileName
6687adeb16a30813d3c81f65928d160c1f841ee875218ecab1240332b3ca3be3,,Annual Report,,2022-03-09,"fileName,publicationDate"
6699fef6b357b92b921abec6e5354f7982189b51d902d2dce31161e428fbd604,,Landesbank Baden-Württemberg/lbbw-code-of-conduct-en_7v4a6ctuj_m.pdf,,,fileName
669e3feee802e90c74b29510bca7d815b87e5bad64ec9dd131e94c3be7839164,,logitech-10-k-2024.pdf,,,fileName
66e8b1ae018c91a609b0378a8b9c00be03fa4be2e8742bf6fea503dd21a8da46,,annualreport-2023.pdf,,,fileName
66f04d4a82438f53fb31fba19f418b6f32a5ea9bb5bd3dda8531dc17b69dc129,,codeofethics.pdf,,,fileName
67119032cb998278df280e4042fd3329fff0cd6f580d235ab439ed3bbaf840f0,Annual Report,,,2023-03-15,publicationDate
67289edddd10f6e9438cda1f4988f4b9509044f55e55ffc1bd02be3273595354,,Annual Report,,,fileName
675e21ed87855cee5aa9ea28070aaf7fdd3c5d16d46dbff74767ebd985e3a445,,Annual Report,,2022-04-21,"fileName,publicationDate"
6767c1b72a7e866fc83be2dbdc8e30fc376dcb5674f444a35559bf750dacfc39,,Integrated Report,,,fileName
6786917aa76c83d4075ebd325e1a304064db388f8bd44de2e74f4b745b5e1f13,,Annual Report,,2022-04-20,"fileName,publicationDate"
682188f4b2aee6e3441d1b94574c697ea22d0054bdee55c00075269cbb9a06fd,,Annual Report,,2022-04-27,"fileName,publicationDate"
6828e48907b653b82a94aeee8948f2c219b641e412cbdc73854d68b26151c25c,,Annual Report,,2022-04-25,"fileName,publicationDate"
683f8ddc4934ee1d33ef91fe7b1661f2d91a12f1df652dc702c044958dfde181,,Annual Report,,,fileName
68ac3b3896e25683a2e5857dc69206bb6b2a78a902a049a5c1646716582d1f02,,ALTEN-Integrated-Report.pdf,,,fileName
68d6ab45bf90958fa1ebe724c3b8266859cf8cfbd4f45ca8437702fc2f24db76,,Sustainability Report,,2022-04-11,"fileName,publicationDate"
690ed2d44fcbef3903efa5fce16a0fb67e27522f84bbe9aa3e8930892ad32250,,Annual Report,,,fileName
691440b9d29e69c58474305d4059f5fd8f9e11d56b56af9e8e0f4b14714ef823,,marvell-germany-whistleblowing-supplement.pdf,,,fileName
6939e64554fcdb52969cc55285820279bb95517cb97b8c933d3d9e79b26d30ee,Porsche_Policy -Statement_1.1.pdf,,,2023-05-04,publicationDate
694e5b7f2ab50d6212ecce4a8c0c11ddf2bc8c69df2fbf73d34108db831c5fd5,,"330012_ZOOM VIDEO COMMUNICATIONS, INC._NPS_2024_V3_PROOF_LJ.pdf",,,fileName
695a5b6d5ce6f0e6e60283ce296fba95ff7cfdcd2c79fcf2dd2d5410e9bd6eef,,Annual Report,,,fileName
6964668d60222a245d1cd2edc22ae0da23756a4e19344e580926858b364b73a8,,Code-of-Business-Conduct-and-Ethics-August-2023-Final.pdf,,,fileName
69bcda4f3a864571e5cb2c9942c47441c25d3704a9b8dea614716ebd53437007,,DE000A0LD6E6_SustainabilityReport,,2021-11-30,"fileName,publicationDate"
69d5044fccfde72fbee32467191a00fa47b0c901eba6f6938b135d761d9871d5,,Annual Report,,2022-04-29,"fileName,publicationDate"
69efb2a0934cdfc443ed476290a90cb937cddc3be02df9de2bf090e5212f4bf5,,Annual Report,,2022-03-29,"fileName,publicationDate"
6a08bc8f6964382adee679909a1a8b0e981c7c57b611282eb7eabbac3d48bc9b,,2023-workforce-composition-disclosure.pdf,,,fileName
6a220083f8f434af4ed5db8af2d153cbf01e53ec170520313c943751befba99b,,ESG_Report_en.pdf,,,fileName
6a243e7680e40afe4bf65126e3cc55f603e25dc2de165c3df040cefd5f069b38,,aws-water-positive-methodology.pdf,,,fileName
6a279fa01a54ce29a073f73af6194f1e0f5e2854756be2af3f108a788fbfc43e,,Annual Report,,2023-03-07,"fileName,publicationDate"
6a351efd22183961a365d7682dc27583af7857c44e77d407c69a3f157d1153f9,,Annual Report,,,fileName
6a43530e054728972d0f2b9e1ce09a09679d1dc24a27a35df2933d9048d017a0,,TAXONOMY_taunus-sparkasse-nichtfinanzieller_bericht_2023_finale_fassung_1.d9799c5a7942 Kopie.pdf,,,fileName
6a62f2270bfca7114c2d0688d317e74710c3251664ebf96a1a9fe47daf601b60,,Annual Report,,2022-04-27,"fileName,publicationDate"
6a79e45770f9670b44f34ab35262f0bf3d221f691631e0350fa078392621ee4e,,Integrated_Annual_Report_2025,,,fileName
6aac2799d8cdec32fff18021889d8a2b255cc7445528dc84a2e40c154b0b5ba5,,"MARS, INCORPORATED/MARS_Code of Conduct _ 2 Column _V04 _ M (English).pdf",,,fileName
6ae10391cf654d4649f82415aea557f10e6aee4d9556382af8b462dd33415d85,,EDAG Engineering Group AG/Geschaeftsbericht_2023_DE_Web.pdf,,,fileName
6ae331b8ebd60ab7cbe5a2f76caf990e3a5b324485ef407f44821b56faa57e05,,General Dynamics Standards of Business Ethics and Conduct.pdf,,,fileName
6aea46e5b7ced2ca61db9273114f08360435366e4163d6c44e87a4f7453491b1,,Annual Report,,2022-04-29,"fileName,publicationDate"
6afe52653f033265712ff70b41ada7e7b86612d16b95393206c1d4e37f7ff94e,,Annual Report,,2023-03-16,"fileName,publicationDate"
6b02897a1031b8e73731faee31e71709f936fbf3f26a18ba1f30dcb1081de909,,Annual Report,,2022-05-30,"fileName,publicationDate"
6b14356a7841bccf5fa20b86413d192ad637bb68a64ef96b2f73911b75b13adf,,Annual Report,,,fileName
6b463f775cf96f4f3654a2085f7bc298a649a6efa879918e16e2ce0c7bc65480,,GENERAL MOTORS FINANCIAL COMPANY INC./GM Modern Slavery Act Statement Australia.pdf,,,fileName
6b673e3c3343f8134f914e7a2370045b5cae979e436bce185eb6ac67e10f6693,,gender-pay-gap-data-2023.pdf,,,fileName
6b95a31bc07094ac541ec8adc0b38a314bb3c3be052dd4218eefbd3fbbdce879,,BARCLAYS PLC/2023 Barclays ESG Reporting Framework.pdf,,,fileName
6b9cef6d66f163891bc8119c265a6779a236ccb115296074de281f70b88931a7,,Annual Report,,2021-10-13,"fileName,publicationDate"
6ba38a97ac6b85cb87e2471ec5f4ab3580e709ac955e90ab6533bd18aaa32fa4,,Annual Report,,,fileName
6c103881900f49a3b2e6fe99a01dc77e8cf59cd66da423bcde1449fb8c5210d6,,Annual Report,,2022-04-11,"fileName,publicationDate"
6c218c67395c46a82bb9db842c542273bf0854d82e7a6c7eab7f0f6fd5a7334c,Annual Report,,,2023-03-26,publicationDate
6c7a15b9ed418f4875ea56791272e73fc234a78047f73e3d569650cb79ebb2b4,,Annual Report,,,fileName
6ccb216d32ab44972fe283e732ce5303bcaff35969794d11b1cb6ada822d1780,,Integrated Report,,,fileName
6cfc04fe70fe787e50930d32b9f912de986c95f90f1d13cd804c169f60a1f545,,Integrated Report,,2022-04-20,"fileName,publicationDate"
6d5b4b5b3fa16540dbdbb6b89fdf26f83f2c5dc6dd08c5599ef75a54744edfa3,,Sustainability Report,,,fileName
6d6c8bcafe5ac455ae44724489445e76d152558196db8ce682dee465d617a1b1,,Annual Report,,,fileName
6d7d0b2157c2360365d5ed00c859819f8bd814321e8448c3e559c5a4a46581aa,,Integrated Report,,,fileName
6db3d175b6cf4c2e2724327674772fdaaaf5eea68af308ba0fad178e0eb0b1e6,,2023_Datadog_ESG_Report.pdf,,,fileName
6ddb0c30257cb136105dca6cfbf53afb90486dbd1d6a3aa514ec0795549d1b32,,Annual Report,,1970-01-01,"fileName,publicationDate"
6e1476d38eda687e6f9c461b159fde7c9a5a7f11def4b1e27b552b7fc4a70d72,,Integrated Report,,,fileName
6e5065fab0c68fe468aa29100af8fe91755be7fc19ae6093f0a8be712be8ec48,,msg life ag/Code-of-Conduct_msg-life-Gruppe_30.06.2023_DE_V2.pdf,,,fileName
6e69326cd543ab4903870c6790745c03fa25d45b7b967c286cfa08d7a586cef7,,Annual Report,,,fileName
6e7059b05e7dcce13d552c53fa9176c8530337234cbb4e6f8a575726c0fa8892,,msg-life-Geschaeftsbericht2023.pdf,,,fileName
6e7783ad391677879038c377bd3fcd931463a40a6ddcb86fd6c469a8a5cf11bb,,TAXONOMY_BMW-Group-Bericht-2022-de.pdf,,,fileName
6e78bdfcfd55156ecea82dd8a566d1e4cf0cc90decef483312a0c92a7352eadb,,Annual Report,,2022-05-27,"fileName,publicationDate"
6e7c2d4c3ef8eefc05cf86cab39820104cccb29ae81cd64e223e941ad48f1f55,Sustainability Report,,,2023-03-22,publicationDate
6eafb4ea782f17af1bd155faec97ac542e4ffb82fe8e2283d03f1840ef82ce59,,Integrated Report,,2022-05-16,"fileName,publicationDate"
6ec508a9cad1508e01bf506ac39ee9743237ff89c5a24688ecabe9b58eb7e409,,Sustainability Report,,,fileName
6ecffc13fc3dee90df2cde80c9fc74c673004db8491c6ec1399ef014bf870d41,,Annual Report,,2022-03-30,"fileName,publicationDate"
6f1e656aabad986c743e13415d8e9cdb4e726feb9b8e073b70fcc29ce11539c1,,VW_Annual Report_2023,,2024-03-13,"fileName,publicationDate"
6f29b96588a441ab494a2fc84ec23ac48a3b3673eef14ed6492c29f184b0d3c8,,Annual Report,,2022-04-06,"fileName,publicationDate"
6f2b14b64571d68a59a141486bc206c5c5262b2886d4ee079f63f62d82433f0b,,Grainger-Human-Rights-Principles-1.15.pdf,,,fileName
6f7189ab5c4d31fed6a2b5cad630e600e27cdec64428e64498855dcd987edf2d,Annual Report,,,2023-03-31,publicationDate
6fb59372bc0af337fb390e96eb1ad72d669f26a6a0a911f60ea0b9e36de5dab3,,Integrated Report,,2022-04-29,"fileName,publicationDate"
6fc1468287cb6abb91dcd82d843a7f9e25536fd1c52f4bb97a7872220983b1b9,,PUBLICIS GROUPE SA/CSR for Business Guidelines.pdf,,,fileName
6fe2e83a032676d9c4acfe1a506d1453195f8495f03620b29151872354160e5d,,Hannover Rück SE/Modern-Slavery-Statement-_UK__EN.pdf,,,fileName
70287c81ed991fb2584d70568aa5c427cdb980b7dbcfb73c72b228b16164cf89,,Annual Report,,,fileName
7066a87a549cfadb436ca69a862c59cd979093e092000b38d08573dd65a4b250,,Annual Report,,2022-04-27,"fileName,publicationDate"
70b9906d30030852c1c1a7e9ac68276ba9f34fdc73200ed96a3d85718de56471,,Integrated Report,,2021-09-23,"fileName,publicationDate"
70d6133afde7894981aaf4c930ab816316073afefbf8e207b92cd7a97726b323,,Annual Report,,,fileName
70e2a7de399e54f9336d944a65ca2d43761fe4297bba0070bb40a20daffae374,,Sustainability Report,,,fileName
70f23c322e0817737a79451cb75f1280c944d8a1f3a3c603b88b9c63deca8bb6,,McDonalds_Corporation_Diversity_Equity_and_Inclusion-2022-2023.pdf,,,fileName
70f553ce35e3c6779a8079ae368e86e7de2b8775496add867670a187375260a1,,TAXONOMY_fy2022-annual-report-stada.pdf,,,fileName
711c7e48dabbcbe3f2d669bef17bf76d3d98d1577d82173f83b7cce604790c2c,,Integrated Report,,,fileName
711deddb8073d932c43fe7eadd180fbc276f5c38bc019620b20b295f1c432951,,Sustainability_Report_LBB_2023.pdf,,,fileName
715526daf3ef7987136ab2e5a36371ef857b26b7ef9a80b957cef41255da136d,,Carrefour - RSE - 8 - EN - 001.pdf,,,fileName
716f4e14a6140a7e51911647c97d99cbe9699e93a4dd26bfd9d8109f1838dec9,,Integrated Report,,2022-03-31,"fileName,publicationDate"
7189583bc59c55878c53f6df08a28f22ed3242717f40267ab72b4246e2d2bd34,,ALSTOM/Global_Anti_Discrimination_and_Anti_Harassment_Policy_EN.pdf,,,fileName
71bc53c97ef75c109163124ff73663c2486dd94cfa2dbaaa34ffed76d9bce9ec,,Annual Report,,2022-04-27,"fileName,publicationDate"
71c98b7e05697736fe4a2ac4b8c6f193a461406175acfd7fe7c81e454be3de3c,,Annual Report.pdf,,,fileName
724644e53d89ec6cf3cf770a0355966da511f0ce5c4134b1860b5d7e359fb3d7,,Annual Report,,2022-04-28,"fileName,publicationDate"
724aedf6c9fec02a0b0d2c08badbc4293289cd38deef431f47a3c525fdd6aa25,,2024_VOEBS_Jahresbericht_2024_web,,,fileName
729f9b11bd3cb8dc6ba72b5caa9ea0c574c7e691049a98e326fd34766374201b,ASTRAZENECA PLC/Code_of_Ethics_English.pdf,,,2023-03-31,publicationDate
72b1cb1e128a93892df7d6157a033bddfe28e176b6b7686212123524aaff4c8b,anti-corruption-policy-english.pdf,,,2023-06-16,publicationDate
72b75a944d0e4e9e94ce558d0e47a654ffa12cc18f58ef03d732c0e386143461,,Annual Report,,,fileName
72c8251dd3f8e39f9252625c91dd0244b9a4a104f602b040bcc825cc89e52430,,Sustainability Report,,2022-04-12,"fileName,publicationDate"
72d70840bb547bd94aaa32e58d1120fb3d065ce85a470e04af191f32f5773d6b,,NetflixInc-549300Y7VHGU0I7CE873-2020-esg,,,fileName
72e4469c7d907329a47c31a5e31019b1f41b58e779374b94a48f7dde82bdb0d4,,Joint_Modern_Slavery_Statement_KraftHeinzAustralia_Pty_Limited2021.pdf,,,fileName
72f493df019ab8fd1a63cc251d330ce0cf43393aa102fc778750779d429988ea,,Annual Report,,2022-04-04,"fileName,publicationDate"
731af4b19336d1330d4dd311b9c2bbe099f06a5b8498fbabf8d0ebef13ce4c42,Annual Report,,,2023-03-22,publicationDate
737eb4ed055d876681357c02b7e437aa76e55adde9d1d47ddc95a067874af6f9,,Integrated Report,,,fileName
73957fb8973d4e44250d21a556a554e324c16a8b74b240b4f51ec86f5f03867d,,Coporate-Report-2024_en.pdf,,,fileName
73a3c0025c4c1af2798ede83f4a8483486d3ff524017bd18b0248d7c9222e689,,Annual Report,,2022-03-29,"fileName,publicationDate"
7403d60aabb16b9df38d450c34a9d706138cceb14c5fdb80649bbd00987ba9f7,whistleblower-and-non-retaliation-policy.pdf,,,2024-07-02,publicationDate
74109858e9ce13fedca9e90319ced414ca27dc1dafc8bc21a80e7c53a10fbf3d,,Code-of-conduct-CAA-2020.pdf,,,fileName
742b4e9b8351cc415059db26252a88bc4dad24784183a0021ef1c964fed82c7c,,edenred-consolidated-financial-statements-31.12.2023.pdf,,,fileName
7479be8d6f08cece42421f14c77170933f9053e887fcfe553a07651fdeae28e2,,non-financial-declaration-2022-sustainability-report_kpmg-report_v1.pdf,,,fileName
74e18e2be9c615e93fb6efaedc7d01f92f120021e1200cdc475e1004e5e144f3,,2021-sustainability-report,,2021-12-31,"fileName,publicationDate"
74ecc4f282e2e53346b4afc59408ef21685a91c9303953423d7fc38dfa846989,,Landesbank Baden-Württemberg/lbbw-un-prb-report-2023_agrwboq4sn_m.pdf,,,fileName
7519404cb54e54c21f1c5b3347cce5a207667b11f6898c32a929dc038f3ed3ba,,KHC_Code_of_Conduct-English_24.pdf,,,fileName
752fa99a6e737eca7b52afe5e6b7617320a21129bd8375e7182ed9afb90d57d8,,ARA-Web-Version.pdf,,,fileName
7577a9e7effcfa1f37d632e4324cce2f3c5987496897eaa6f645e76d26bcdc5b,,Annual Report,,2022-04-29,"fileName,publicationDate"
7578ea257db12ab9a0d8e34e4816dc26c29bb39174c22a670a5851d9683e96f4,,Annual Report,,2022-07-26,"fileName,publicationDate"
75a35539177c2bec6b7425c09f86629df3f669d72da6d3fa38192ae45319632f,,Integrated Report,,,fileName
75ca0866fc21bd88964297664154d262425db75da87effe4f6b5e6f768bb2280,,Taxonomie_STM_2024,,,fileName
75d975076533ecdf8f931c460eb0de051fed61bbda270b40dff4cf628fdc5cf6,,DHR Canada MSA Statement May 2024.pdf,,,fileName
75e5bd8c9255656f4731d26fe0ea8145c5395ceebbacbcc8f163b3306f090997,EN-Compliance_Buch_2024_screen.pdf,,,2024-04-12,publicationDate
75f568180a8d35287f970a4812817dcd2b5c690ec937bf80f17b6fe68f42521e,Siemens_Report_FY2024,,,2024-12-03,publicationDate
76015a9f35b33171734a2e26f2ad959dc63656ab266f513ed71c86bbc5e5ca82,code-of-ethics.pdf,,,2023-03-08,publicationDate
7601bb32da9469f40826a4e93eb30669f04216629ded21220a0cd2579f549b03,,Integrated Report,,,fileName
7625fd6314c37ba8838f85ab2c91e6cad2e8a6bf791f92770ef036eaf11e0b74,,Annual Report,,,fileName
764691cb39da1bee2569aa048bc4d276453aa07aa3b141a40d9de65e7633d6da,,2023-Sustainability-Report-03-20-2024.1.pdf,,,fileName
7649449621690572fc7ceeb41d6577c6c0052c4ca0c5c5aa5013ebd04618b359,,Sustainability_Report_2020,,,fileName
764afc4517199ceab3948005f6fa5a1750baf01cca2c6a8503a738004ef5bea3,,Integrated Report,,2022-03-30,"fileName,publicationDate"
76539e5283c79ae1d70d85e10d749686c6e91c38ff36cc835763159564ace79b,,Annual Report,,2022-03-31,"fileName,publicationDate"
76556ee357c39aea01a58bd861b10be053d8b7ad36517afb746d8daa2d579242,,Annual Report,,,fileName
765636697837e842307d6795369abea1f293d49d1f9a035b91657657af3bd287,,Annual Report,,2022-04-28,"fileName,publicationDate"
765daa565a1903a1939e0047d56f457a0784402f9415d5e95736b42ead5ce4c5,,Annual Report,,2022-05-10,"fileName,publicationDate"
766a4ceb76288d170a41b9d9555ce2eeaead43ad76376b87d8023038459513ad,Arion_banki_taxonomy,,,2026-06-12,publicationDate
7696dbd12a02dec3e30dc6e0bd8b0c2765bdc6a253139af55ef0c8e9ac2d8bcd,,HUGO_BOSS_Sustainability_Report_2021 (1),,,fileName
76a54f648c20a52e6d8d8bb7e6a577d0fc9b2569e5960a287579a40091fce22a,,Sustainability Report,,2022-03-31,"fileName,publicationDate"
76acbebe61b2085a6882d5ec7a6781924997f5c701a4d45fb7987cfcbcb5c41d,,General Mills Inc. Annual Report 2024.pdf,,,fileName
76bc9f1317fbca41896bcea22c7adc4f9063fc3d99e37236b807316a1f40708a,,GENERAL MOTORS FINANCIAL COMPANY INC./2023 Water CDP Response.pdf,,,fileName
76c4effd55348e073a0e779dcde4acf0ba0feca78a6f87de793437c623b15306,,Integrated Report,,2022-03-14,"fileName,publicationDate"
77127f9b7a56b7bca1c444979ae3af0b3435e84729336886b765b5daa9048328,,Annual Report,,,fileName
771dd746131990a96d29a8a6c7ab044771e0e216f42f244dce00d835a178721b,,modern-slavery-act-2022_en.pdf,,,fileName
77239380118b6474497ee452d54009d0cecec0dd374522fbfc710342c1d0dff6,,Code_of_Ethics_Web_ccd892c7bc.pdf,,,fileName
7743023c631c4fb77beff09e791b1684a70c08ee17c254989cdeb32c37b05bb0,,emissions-reduction-report.pdf,,,fileName
774578182609322e270bcc65f5a74d854ae94861c23d815b7b30c9e1528a60fd,global-health-safety-policy-en-us-10584460.pdf,,,2024-06-28,publicationDate
778a0eef107eb839d80b54aa40cfd37388a47771d2ae6cc64b6d3629a8ecf454,,Annual Report,,2022-05-12,"fileName,publicationDate"
77a6b05392fb8490457792b390ad330e2633e4830bc5a8bd5eeb8aea8b6c996a,,"Kurita Group Anti-Bribery Policy_ Ultrapure water supply, Water Treatment Facilities & Chemicals _ The Kurita Group - Kurita Water Industries Ltd_.pdf",,,fileName
77c6483cdcabdf24ba39a79d41cf4c54ff657ec2ff143da2c4788c9b79b6340a,,Integrated Report,,2022-04-29,"fileName,publicationDate"
77cf792be59298191cf7bf2123573bd06c07cb607644d9fdf82fe67ee02dbe29,,Annual Report,,2022-04-21,"fileName,publicationDate"
77d4e2bff1147b35cfe358c09999cb189994c292a518d19299651fdf7d851148,MEDTRONIC PLC_10K_2024 ARS.pdf,,,2024-08-28,publicationDate
77d8a398659ac979d01a935951996a51b82cd6da124c6bf45cae6ead8343b5b1,,Annual Report,,,fileName
77e5e5829c8bede9fb5537b9b1bddfb9c4a6a2b79571e2b1200df6be1ed14b24,,Annual Report,,,fileName
781c831ad261f61bae13d2e1b94dd3e4c693c98b88aaefe6efdf9ad51a4c592f,,Cardif consolidated Accounts 2023 vcom EN_CAC_170624 (1).pdf,,,fileName
781c8b32d3af4ad88eb274e577bd4cfa1c0e1248740dc88b26b7b52e46a7dbfe,,Integrated Report,,,fileName
786422b0571277b25139b3f5b7683e745ce2505a00b657f365377d4f938b5638,,Annual Report,,2022-05-10,"fileName,publicationDate"
786e43a6a7bc18739fa07951032449dc7cde77cc30f5e8a5c91fe5d88083b713,,FERRARI N.V./Sustainability_Report_Ferrari_NV-2022.pdf,,,fileName
786e913cebfc6bf7ac06dcbda04d4e8acf300e949f86ca5cefae343322063959,,CDP 2023.pdf,,,fileName
78b5a51671c99d1774d379b9c1c5c80b1bc81ab36cb62cc1c29b91aecfd7aad6,,"Health,_Safety_and_Security.pdf",,,fileName
78b82c2addd0b70032ad52d5a57e2abcf7c8c270494ad834ab06055e22f2a300,,FA 2024 Proxy.pdf,,,fileName
78c7b5bb38e62109b148db099410b09e7deb5b2768a3dd43296d1101c6c52263,,Annual Report,,2022-05-17,"fileName,publicationDate"
78c97b851b6dc44a931ce2493d50fc5f4efc5aeb142c2e5c8f3fdb4afab4f6c5,,"MARS, INCORPORATED/Sustainability_Plan_2022_Final.pdf",,,fileName
78f321ee16143bcc83e922715cf71a88a6b5658d2797a53f724be20eee7691ca,,Annual Report,,,fileName
792c99f46b627c3f5492858e97a5184796120e2b0d6d8ce016f7e2cb4c41cb01,,Integrated Report,,2022-03-01,"fileName,publicationDate"
795d4adf400b190bf9ebca8fec049f928a88fe1a822836c7e6990e423bdd9532,,Annual Report,,2022-04-29,"fileName,publicationDate"
7a48fb53ac269fc237aa9022351edbca8964d0361057c0d6db99a7e05ddb2198,,Sustainability Report,,2023-06-23,"fileName,publicationDate"
7a4ceb68de48220e41dc3fff6a72ad2cb7bc70fbf975c83dccddcfcf946e9099,Supplier_Code_Of_Conduct,,,2024-05-22,publicationDate
7a5eb6ccc35930ff3af67b114dc33fd6b74b6d359610154c68489e9d5b6f3852,,Annual Report,,,fileName
7a854bd7e88dadf17b7f823eb8343227312b54c84debd4c37dd6a1fa16d927c1,,web-freenet-GB-ENG-2022-gesamt-Update.pdf,,2023-08-07,"fileName,publicationDate"
7aac12ef8bdb14f57b8edd6503cd4fa1f6729d7047467dc8352fecbdee1e6e76,,bcg2023_eng.pdf,,,fileName
7ac77d8639de37c19996b7f01efe6e0f6094abc39f1623d896bf6be5e5339585,,Annual Report,,2022-03-09,"fileName,publicationDate"
7b020cf3e4fe3a40d01ec15e3946042a07f4cd01ed58662d03db61c246016985,,Integrated Report,,,fileName
7b0e2570cc93d0ae5284c66dc3d19b590e522faa18bd3267986ec3061d5637e5,,"Diversity, Equity & Inclusion _ Renesas.pdf",,,fileName
7b4747ba64ea9d943e43359d00d0e13c99e8f201c0fea44fb96b3d4f63b4aa57,,Annual Report,,2022-04-20,"fileName,publicationDate"
7b62d638ae1fe663bd8a1f65d0d4395202001a81814a76466a1070651e1a97d6,,Annual Report,,2022-04-07,"fileName,publicationDate"
7b6b93efe83e72a0081658a18be8f3459b1dee95fbea4c45927b1bc84d1d0b0e,,Annual Report,,2022-04-20,"fileName,publicationDate"
7b7f772ed4620120b96bbed58a2510c34dda7e7c8fa5c2793979be6946ede15a,,Integrated Report,,,fileName
7bc081b0ac60f910850cbd4d237e7fa3c12fa65e9a672528b08a3df08759825a,,Integrated Report,,,fileName
7bce30b7aa3db4f487552affd81fe4a45bbe77671243ca6db257f78af5cd7070,,Annual Report,,,fileName
7bcf691853ce5c5db8bb4d10a935855193c07d549e0f08f039155e33094e383c,,Annual Report,,,fileName
7bf1e9ed1ac464ccc2c8bcf28bd79e50a0f73eb1f409c2890db95937ea64e673,code of conduct(employees).pdf,,,2022-11-23,publicationDate
7c193f50607d7a4cf5edf92088c9243f3acfa40169d41bf5a3d5f684f6a54d1e,,Annual Report,,,fileName
7c72d4121d47568e4cd1d8239fa4dc88161fda6038f37ca9bc7a3a22a00be051,,2023_NEE_Sustainability_Report_Final.pdf,,,fileName
7c84bb201915358413d79d9dab084bf199ce2db4fe24e6741c2cc1c80b8d2ee4,,Annual Report,,2023-04-05,"fileName,publicationDate"
7cafebb4de2d4a9c75239ff8f6dbac22c63463daf3a062ae7eb821b97f4d7866,,Annual Report,,2022-03-18,"fileName,publicationDate"
7cbc26e717a73bd7560d4e35e72aad5d5ce57d09c243230777e3c1386a871b47,,Kroger-Co-2023-ESG-Report_Final.pdf,,,fileName
7cd5eedacd6704d602a7a44f3f0f631003cb7db7d95673e9b3a6fb4db0bdfc14,,novartis-integrated-report-2023-de.pdf,,,fileName
7cdb65f4a5781265ba2c6604cb3bd89855da5479b0d6e4c21564952c9c863f17,,Annual Report,,,fileName
7d0d4925bdc3ce526ee94a2f2abfe311500925b904da24e208e4db1d4538c3de,,Annual Report,,2022-04-04,"fileName,publicationDate"
7d17f532a02df4f4eca88cf7966599fefd51e5c7d5fb54fad04981bacc5e8c9e,,Annual Report,,,fileName
7d7c814c7a749bc47bac9ee83814407f3dbf455e0ee90166cb42fb01a5500197,,Integrated Report,,,fileName
7d8097494621b56e92851ecf5146d1b3129f6573092557bcf168c020a087fb05,,Annual Report,,,fileName
7d847e8fc4465a91d184b5ac6fb7ea6945a81ae2b35009b218bc9921b35fc9fb,,aflac-incorporated-esg-policies-and-statements_08-2023.pdf,,,fileName
7dbed8f66d4c24ff13e240c574c52202dcb8767e41ec01f0e2d5918449dbbd44,,Sustainability Report,,,fileName
7dd2615e62b40977737531e28674603aa6f39fb8a194d63f60421d5cfe53eb6a,,Annual Report,,2023-03-27,"fileName,publicationDate"
7dd87ca34b708b5d40b4502a4dc92bfdf5a1e7d8bd4b958e543ec22807706da0,,Annual Report,,,fileName
7e2cd535becaa8cd2f703a29257acb3cbe8f7b735ec52a81fd0da27e8bbae4ae,,Annual Report,,,fileName
7e3b56a4e78e2931d1f7f0b4fbee84427634239a9b14a1b1cd1cbb6c02d11db6,,2024_Code_of_Conduct_-_3rd_Party-CMS_Energy_010924.pdf,,,fileName
7e4a390813e3d02a3ff4e6f1cc2b46a8cdd75a11bcf52cd6cc93e3e070de23c2,,human-rights-and-labor-rights-statement-final.pdf,,,fileName
7e5f1e68f7d9ddf89a7cde3d56a662e5e282287ca5254dd6c9e2aa582ed7af64,,Annual Report,,2022-04-05,"fileName,publicationDate"
7e6cb1cdab510ed8bc22b398d1494fef39e88fd8d77b11aa79f035d3d2171ab5,,Annual Report,,,fileName
7e7b782d37cf9ba519f1d1fa0a02f41468f6d9ccb062be3f7c9498a03f6457c7,,TAXONOMY_Unilever Annual Report and Accounts 2023.pdf,,2024-01-01,"fileName,publicationDate"
7e8d23a7a3c9e61862f49f1833eb4d24957a6ecfadb61fa93c53f4c43b17c5bc,,"MARS, INCORPORATED/CA Supply Chain Transparency Act _ Mars Global.pdf",,,fileName
7eecce4670337ea1d941b5f65eda1c0ab155404d72140ab8b723345da6f4b216,,Annual Report,,,fileName
7efdc859bd9fb886d28bdd06e414d01b177838745af14b7e117c937e927e1e07,,Annual Report,,,fileName
7f7f5d40524b3fcc961aca3b2f5cc03a3d8946a8890c3a4a54ac5a5564f15cda,,Annual Report,,,fileName
7fa00e0c0d1a1da741b386cf235d0d505115f7e62ed021f21fd487cee4ea8637,,Annual Report,,1970-01-01,"fileName,publicationDate"
7ffe2a352d670becafdbfdac248238a3cefdd606e5ff049fee2a964179cac3a2,,Annual Report,,2022-03-30,"fileName,publicationDate"
802246c19ee7ea61b316826ddfb226f97ea90439cc5f591d59cff314bd8a291f,,Annual Report,,2022-04-11,"fileName,publicationDate"
8044af1045170b7d052d653f0657070e72ce138546fbd5c7aa14f1b46dad1b8d,,2022_NEP_ESGReport.pdf,,,fileName
8048cb053c457e65e1f3e6f3f2fee9b96cdc51ea7b5aef081e89d936f1d2743c,,Integrated Report,,2021-12-15,"fileName,publicationDate"
8076ce634b6c6bcd6b494b65888ef7a217ad3c8113f95667ebc5b9fddbf6bab2,,Integrated Report,,2022-03-18,"fileName,publicationDate"
8082b2a5afcc92262561b818872996317f888260c853cc6fff575d6c24a6c348,,Iberdrola_factbook_2023.pdf,,,fileName
808bc8eb7ea140da76711beec99a94b095041b50095a3c4983a7f161c800641b,,Annual Report,,1970-01-01,"fileName,publicationDate"
80a91e8a0dd9f3fe337ff263cb89a979eb46be75b02188912be3fac1fab8dffd,,argenta-spaarbank-annual-report-2024.pdf,,,fileName
80e486c55c11888221777ac4ccac16b6508a7c0b4d13b2a03b2e16f9b1ff6a87,,Annual Report,,2022-04-13,"fileName,publicationDate"
80e64685885ef331a9463286da63d5eb3020a623a4123975c70648e254d35ce8,,Governance _ Parker.pdf,,,fileName
80f0348980015ba3864d4dc5bb4372ad653f8c5bafe12bb8febd1ef4438b2358,,URD_seche_environment_2025,,,fileName
80f514f7ec064d851394eb094ffa2335b8aea12ecb8067f609750a8a3539f5ce,,ALSTOM/20240508_Alstom_FY_ 2023_24_Annual_Results_Management_Report_EN.pdf,,,fileName
81327fc3296cf1792ee038229582d960e49f8bc7acd973e560e4d34af9306fff,,sherwin-williams-2023-sustainability-report.pdf,,,fileName
814bd2ecf7e6c50ac18c39e12fd48124fcbfdce9b0b253dba9c1d58d85eaa3ad,,Integrated Report,,,fileName
81834058882e071b97a36d2772c1a4ec46a032def07947b9867a00eabc1a4886,,ar2023_en_financial.pdf,,,fileName
8183693e2b1b0bf25c745b0aadba99b6b4fcab2671aae80e030c7cc4efdb087a,Roche Holding AG/she_policy.pdf,,,2023-06-22,publicationDate
81b446f65e9dc5881907a59685ab8e20549bfd56e8ad10bc89bce652fc426ae6,,2023-aus-modern-slavery-statement-signed.pdf,,,fileName
81bc02f473a4912352bb9d82f0aa7cba1cb900ab027930eb0e419977cc5481c4,,2022-05-23-UK-Aus-Modern-Slavery-Statement-Filed.pdf,,,fileName
820c754743dc489c3b3afa18121adfcbf99241b8ee7ac5d119710d9984cd03c2,,Integrated Report,,,fileName
82145dbcb8e5f693943d6a4c2e8ef3ae715d8e121d1c4840d05755c215d4aa0d,,code-of-business-conduct-and-ethics-english.pdf,,,fileName
82236a74f36c47d9503b111d09655f585b3956900f5f4f9b3782ab508395ef72,,Integrated Report,,2022-03-22,"fileName,publicationDate"
82601c89de418215df4fd5120ee719e43a68da5fe0731f7f6d0a29e61940292d,,Annual Report,,,fileName
8262f658aa8df71a8c196a0a60795df3e5dbaeb3ade81f3bfc097abd44ae9b88,,monolithic_power_systems_environmental_policy_v10.pdf,,,fileName
82705e718a9ae0ed93b885037b974fd6fa61f5f0e1b396c5ae450e4389dfc87b,,Annual Report,,2022-04-29,"fileName,publicationDate"
82e44a4ab29f2bc71f1722423d16520d53c50c3c9ca9fd8675f66cd20ada80cc,,business-code-of-ethics.pdf,,,fileName
82ea8ff801a508cdeada1861a10da3004dc2aa94b7236d76a18a1fec77659291,,Annual Report,,,fileName
8303e0e0f64bf2c55a443f6355bbf050599a7f860705fb78424b1651d5ef6fb3,,DOCS_LEGL-_604963-v1-Final_2024_Proxy_and_10K_Web-Ready_Version.pdf,,,fileName
8307bc5e0ec6f9dc9096da217d63f0516568d3f0a1dc9831df901229ed180caf,,Annual Report,,2022-03-16,"fileName,publicationDate"
83136bcf94b325f84925a9973a727b6005ab282747b781b2e5592e42b07e83c8,Delta Group Biodiversity Policy_v2.pdf,,,2023-08-15,publicationDate
8332f1520a095d1342d9b319f1c2d69b69463825df63dff2293e5fe082351d33,,Integrated Report,,2022-05-23,"fileName,publicationDate"
833c16ddbc393104f49a9cb193903e2ad97725ae5b8d0c2a5f4794cb83243f54,,Integrated Report,,2022-03-22,"fileName,publicationDate"
83d29dd6a23705fb309d57d858a793573e4c1f151ef8645f99a80e3370914942,,Integrated Report,,2022-03-16,"fileName,publicationDate"
83d2e89bffa02cad8bef5b3cad7fbfc1e422b703fd59e45c57234a2729ad6995,,Scope Rating_0.pdf,,,fileName
83ea59285ddb357f93bbab3308fefcc2387855ed7e18dc0151f1af78e8f44216,,Integrated Report,,2022-04-12,"fileName,publicationDate"
840a14065994f2f8d7515f7c9bdb4ac3c4275f1819dfda4611bc0f9e2e7f903e,,Annual Report,,2022-07-09,"fileName,publicationDate"
8442313be831b5bdf9f6d83eb3dc599f8bee8b42b09e4dfb843e331fcd12bf28,,Integrated Report,,2022-04-05,"fileName,publicationDate"
8450b055bd1fbad1a7b65bc2771436f706ee0d9cc6a573cceebc4521729cc53c,,Annual Report,,,fileName
845ab381174a46172540dfda45a75963f16120ea84cf1788b051aa25cd8373e1,,GENERAL MOTORS FINANCIAL COMPANY INC./Supplier Code of Conduct English.pdf,,,fileName
8478b2c29e634bd95f1d51d72b1689abe9eafb2099accaabcd61860e5bf57b3a,,Landesbank Baden-Württemberg/lbbw-sustainable-transformation-our-path-to-net-zero_afevaknnhg_m.pdf,,,fileName
849cfdd58f1f2df821236415b902718e6cf0f5171e1864b6d92f9bbd3602e224,,Corporate Sustainability.pdf,,,fileName
84c7d73e1975451474711cf32a6b26744a7f4602eae7ec164c3a0c24ea8223db,,IFRS-Annual-Report-Aspa-2023.pdf,,,fileName
84ec156147ec1ce231e078d5f70053af3da9a1f31a3a9136933ca95d010f0d2c,,Annual Report,,2022-04-28,"fileName,publicationDate"
8508621ea6f921199d39210384d058d435b3fe67781aacb0aa41af9075f6a584,,Integrated Report,,2022-04-28,"fileName,publicationDate"
85303928ca550362974438330b153c4cf10b4c29b3500655c4360afc4c3f78d9,,Annual Report,,2022-04-05,"fileName,publicationDate"
85377e28553d283024aa782cba815e7ac0d4c8f408ba94c51665cd6a37e219fb,,Annual Report,,2022-03-23,"fileName,publicationDate"
8587b111f50f1fe0f113fc27ebd42c6225dc6d37aa5c4de3adb0375094754311,,Sustainability Report,,2022-06-30,"fileName,publicationDate"
85b15a5743df980c7441c90bcc4a7fcb950fe94bd9d6112898737393c9242659,human-rights-policy.pdf,,,2024-11-04,publicationDate
85b30e18e1a7d4589fd85f6f81de7f6a8179d9eb565fb1dc735b66589f279a58,SAP Integrated Report 2023.pdf,,,2024-08-09,publicationDate
85cfd6ba15e16750d4ffc7d3c1939cd4f6569412f6564b91a46b6adb14be415e,,Annual Report,,,fileName
85ddd2764aa473e8823c2c6b8c7c083f17a4b0e662e4ad9d99f0d3f7082a25fd,Code of Conduct.pdf,,,2020-09-23,publicationDate
85ee8792544852ca5776b6de94e07d59f340b92b2c0e4a7089b316106f45eb1a,,Annual Report,,2022-10-06,"fileName,publicationDate"
863940ca86aa6f81b4e7861c847fac9081478c691e96ed82b2de3196758a3428,,Annual Report,,1970-01-01,"fileName,publicationDate"
865083d3b079e57daa7d49c0988e945c11279323611d9dbb15beb788a29113cf,,Code of Conduct & Human Rights – Canadian Natural Resources.pdf,,,fileName
86579d1571578de54e5550eb3708aa0c9cf09d91552794523a28af422eb78e91,,Annual Report,,2022-04-06,"fileName,publicationDate"
86d08fa73048b7239a8700612763ff0053a6a52b2c1a76f35675a9a530d32dc2,,Annual Report,,,fileName
86f38ca83accdc60c3d4ee86bed0d04c67b7788e70b4cd5957d2b5aacb8781fb,,TAXONOMY_Consolidated Annual Report 2022.pdf,,,fileName
87139816566fd7bc66f75723c8dd4a3d93281f4fe7831a69b0359060839a4a84,,consolidated-non-financial-statement-nfs-2022.pdf,,,fileName
872e377d995abfcbadb6cc1c46c3e6425fc7d9a5a3e441f27eca85b176727110,,Annual Report,,,fileName
876a2fc7e889f8db1831b3860c571b01d1cb5c742396a70288748e70203e1238,,nichtfinanzielle-erklaerung-2023.pdf,,,fileName
87a284e83e87682dfaff95bb90d38d2e37407a69dc7af1ffcdf667e1d16cdca9,,Code of Business Conduct and Ethics.pdf,,,fileName
87a96456d4c91bd1d15689fc18b7bf245a5ca7e0946098d7e5fc40dab00e6b4b,,HUGO_BOSS_Annual_Report_2021 (1),,,fileName
87b83f702e44308b6a33af304d2696280cb8f4b3569eaba98c3902ec05e44431,,Annual Report,,,fileName
87e86dbe8545c2006ad4e9af3e7e01b0ff713d4535171f924e06c32cc1bda5ba,,AppleInc-HWUPKR0MPOU8FGXBT394-2023-environment,,,fileName
87efd287ff947275ac8b3fe13cc2963de792c0c0e8e18855cad9f9dd2df7fd50,,TAXONOMY_2022_12_VGT_Group Annual Report incl AR.pdf,,,fileName
87f05979a5c817c1f7f781757af07e3a6f7dbe9adabe71411d2e761d24ccd00e,,esb-ethics-code---the-way-we-work-2022.pdf,,,fileName
87f42105e3e7a3e6dc343bef80c7bbe4037400f2c29f71133e3c391397b83937,,Integrated Report,,2022-03-29,"fileName,publicationDate"
87f493d6c4ee0fa2cbbee974fb0351d8117497794b948ca11200ad9f4ec7833a,,Integrated Report,,,fileName
8849960c0cb3acb49d7f189b24740b8c6d86e3855a04c1deeece5a32b8e50856,,Annual Report,,2022-04-27,"fileName,publicationDate"
8852d8013669456456a099ff6ff3a28597bd671ca158d5ec6bc9d3d3f3749f7b,,Annual Report,,2022-03-31,"fileName,publicationDate"
885b46635a7a4795ff24cf7b749d91be2b543d490c64d759f710b16bcde6cdf0,,philosophy_vision_01.pdf,,,fileName
888d92dc22c16395242f201a36215726109c866d835ba1f0c04e1ef91927b565,,Annual Report,,2022-04-28,"fileName,publicationDate"
88a7c5d10712f3b33fde9ecddd5df7b22943de7fecfe9bd0010aa53a118a491c,,Annual Report,,2022-03-23,"fileName,publicationDate"
88b41543309b9d037e664c6549176b740bf59979452e2e0a83b18c549005a184,,oracle-environmental-policy.pdf,,,fileName
88c05720bf7d3f9e3ae2e4fc69c45687da3d7cc88d002f338f538003c4e8e98a,SCHNEIDER ELECTRIC SE URD 2024.pdf,,,2025-03-26,publicationDate
88c25e53bc746e1f5b90c41f3a87f31a72375b8a86c8512f229784f5f5528dc1,,Integrated Report,,,fileName
88cb58b4d4ae35fdbefe224f2214eeba629d81bc6a1de35a08f2a65ee6b3b8b9,,The_whistle_blowing_system_Web_d8829f6c17.pdf,,,fileName
88f8b2001e8fbf89d9579a9de22b038364debff12516fc8f75150455b66d4ac4,,TAXONOMY_BVE2024_URD_EN_MEL.pdf,,,fileName
88f9b813ddd52bb7899ac71dacd95264020709d8b6c36a64ed575680f52c00b6,,Annual Report,,2021-12-01,"fileName,publicationDate"
8909153795e7f1502b451846aa4aa54a1333027cdb19b9bd4ab9f387790d5ec3,,codeofconduct.pdf,,,fileName
8923aef7265261e9e276208acf119298459bf57578a1f6e8771a2cd52a3ecb06,,Integrated Report,,,fileName
89557a2303eb747df7f948b171e6a58f78f3702c1d4391993f4f6a28078b37b1,,Integrated Report,,2022-03-31,"fileName,publicationDate"
89744ccd76cb6d4bd0586173dcdc126ff478dd043ff49aeb52068dff1908434c,,Integrated annual report,,,fileName
899438f39b43a711b8c3bde5802f2fb0d7bf78b1d9d32be29c06f73a76826a5c,2024 Human Rights Policy   FINAL.pdf,,,2024-05-07,publicationDate
89d312048b8b317358b03839435cf1af5a13e0fb9c904b41ec8a7bf8c8a4ce86,,Integrated Report,,,fileName
89df38b1bca2f6fc6e639ae264bdb8ab366d1ccb3fef18eaf1ec1ef04bfa3840,,codeofbusinessconduct.pdf,,,fileName
8a33f304d676e9ecf7a988523e016ac3e42581ee1234567cb1c63d497adcd411,,reckitt_ar21_web,,2021-12-31,"fileName,publicationDate"
8a7edcee0a9c6cb212f3999d57e505c6e05742b762fed06494f3cec65627545b,,Supplier Code of Conduct 3.15.24 (PDF).pdf,,,fileName
8b19038b6405373c228d946c14dc585368fe8715228887b78f08c1195628b642,,ar2023_en_06.pdf,,,fileName
8b751a780d69b20fad006ed5181903db70b17bd484c55e09d4c442b8640152f4,Conocophillip_Code_Of_Business_Ethics_And_Conduct,,,2024-02-23,publicationDate
8bbda613e253897774bcc5fd7483cdb15ab8535b3be02c23da7bef1e516ea4ec,,Annual Report,,2021-10-07,"fileName,publicationDate"
8bc42032b43df4d913a1cee4e708d307b1aa2c7dd62472991b0f34cb776dd68e,,CELLNEX TELECOM SA/Slavery-And-Human-Trafficking-Statement_Grup_23_signed_def.pdf,,,fileName
8be443b5267c401a4e7af28763e2cbebc467cb7ea786e5f93a53becf647b71f0,,Annual Report,,,fileName
8beb93a63266f8a6069794eccd7dae7b070093996b97e75fb76dea79decc292d,,Sustainability Report,,,fileName
8bf50a0c3259e775be7d98236f99945191a251b3c60fe48711fbbc8431ebceec,,Annual Report,,,fileName
8c288999873df19f80dc4b766c72ef41f1b3b0bf279090b82a7cc79291ff51a3,,2023_4Q_Interim_Report.pdf,,,fileName
8c73dfeab6bf71beb20c8994e192242e3c466408a216a4d4cae4c7a64f1ba736,,Integrated Report,,2022-04-29,"fileName,publicationDate"
8c8169b133926c349bb562a533fc6634b5f63549648a51b5bd8e3587f48a4fec,,Landesbank Baden-Württemberg/lbbw_annualreport_2023_ah5kt67e7e_m.pdf,,,fileName
8c8fb964308f180384f9cc4e7921f3fac6a1c41243bb82974429f6b259a3d985,,britvic-assurance-report-2023.pdf,,,fileName
8ceb8be54f34ebbd632fac8ede863c8bd52d86594cbc9dc89b2bcf815f82f9f5,,Integrated Report,,2022-03-18,"fileName,publicationDate"
8d0ee4246dcf25bbc86fdbbe5efb0f174aeaecb26f616680a31929c554a6ee0a,,Annual Report,,2021-11-02,"fileName,publicationDate"
8d17628f325f479ecd4b2818b24b2cfde20344bd0d4cabc07767782f7875ac12,,PH-FY23-Annual-Report.pdf,,,fileName
8d2c436d4d2024e032af219e1a231983e2af6d0db6a823e61d37a62bdafb9656,,Employee-Code-of-Conduct.pdf,,,fileName
8d3094af3797a810660d3178f6cb599b2a8241bd34b44e81214e0599668529f7,,Integrated Report,,,fileName
8d7ac71b45e2e9ad1be9ea80139c1b7c186f56d3aba70e47fc250071c8f29e80,,Sustainability Report,,2022-03-29,"fileName,publicationDate"
8d880063bb64a0c01ead8152f393c7f779d64a1893222a32c3b971fc996cab9b,,Annual Report,,2022-03-21,"fileName,publicationDate"
8d9fbc0ca291cd94b7840bdacd54cf362d26941c4517d7b699a517597090f46d,,FastRetailingEnvironmentalPolicy_eng.pdf,,,fileName
8db2c5c0575abcf6a2a573f806a6d4124a183fd64454338dac59925c15d3311d,,supplier_conduct_principles.pdf,,,fileName
8db4da54915e775156f4290e4e06aacc4ab9f43f88b268d2286cc6c516becf3c,,Taunus Sparkasse Finanzieller Bericht 2023.pdf,,,fileName
8dccc6da38199ad0f436e999690187d7e5f281240798cd49c3b1925470b49262,,Annual Report,,2022-06-21,"fileName,publicationDate"
8de341e98a34e3e4ad642a69a9664dd1ac6cc5328dda5ded34098a0d99fb2d01,,upm-2020-ghg-inventory-scope3,,2020-12-31,"fileName,publicationDate"
8e1209c3450ef88ac66b9f8417a587fc531f00067303737d0d2f58e292fe3f49,Global-Anti-Bribery-Policy_v4-English-clean.pdf,,,2023-12-02,publicationDate
8e1d4eee97b0b4fe6ebdbb6890dc9d1dee1823a89ab2c59eccdb241ff0d244aa,,Annual-Report-2023.pdf,,,fileName
8e2fb81eaa87c1bdd5472a84c1f28f0a0c7cbfde96b607896f9377e1478d978d,,Annual Report,,2021-12-31,"fileName,publicationDate"
8e32ae97a1becaf049f76fc8d0beb9d7fb53dfcce595a3eec8844688b14af313,,Annual Report,,2022-06-09,"fileName,publicationDate"
8e6dc821fe4a418724202ed48ca8b0828c33745bc8247eca447288f0f2d9b911,,Annual Report,,2022-04-13,"fileName,publicationDate"
8e7180f148255d2a50a7b43e364310316416536432a4af06cf0e0ff04e1d45d6,,Integrated Report,,2022-03-14,"fileName,publicationDate"
8ea45eac0ae1214731f1d8a60981c9586654fc3238a398d55729613a2f5d63f8,,Integrated Report,,,fileName
8eb984718b1caca7abcf7ddca8756d981f5181c2d48dbc394aba8332c3701355,,Global-Anti-Bribery-Corruption-Policy_en_US_5_2024_ddc.pdf,,,fileName
8ebb2b47a862ed887c28e64d82b7a3c9da6eef0bd49040c26164663317711a95,,Annual Report,,,fileName
8eddcc07dca054ebd744ce0d6f7444f3f6c35d5b9c8feb903e01fd4ab4a5fe3e,,Integrated Report,,2022-04-07,"fileName,publicationDate"
8f0c7b0f846da41ac1f8dcab072cc4cfee483f5dcace691c5857aff3a408d85c,,Annual Report,,,fileName
8f0e84be70c62d81ae58ce1675ac8654ffc5aefee7d58a0d1b7459608d3c9e4f,,Apple Inc./Apple-Human-Rights-Policy.pdf,,,fileName
8f11305799c6f7945851402fc7f8da12d14c0c1fa9e82c4b28378757c71b2821,,CAAB_BILANCIO_EN.pdf,,,fileName
8f161cffe591f02c26e824250da8574d158dd8683fcec6fcdb8347694f5d2357,,Annual Report,,,fileName
8f1cc4364edbc7c8611293182fba4a7d731e298f4081cf655c23ca12587339f8,,Zurich Insurance Group AG/sustainability-report-2023.pdf,,,fileName
8f749dc8a90ea35502ace72cc589577cb01b34e8846858bef9bd9945bdf80271,,guidance_E_all.pdf,,,fileName
8f7f5676e266d3440c7322c46dec0642a4eddfbd0901c8af0eee5723eefb08bf,,2023-tesla-impact-report-highlights.pdf,,,fileName
8f88826a4d2bc333c6aaeebc94c422a99c455ed6d6160491cb3ef9ce109fe611,,Code-of-Conduct_External.pdf,,,fileName
8fc27699d36aa410fbc703f37df4685658474f837cd8d697fc13907df0732b56,,Annual Report,,2022-04-25,"fileName,publicationDate"
8ff74d6172c7068b1f38511cdec4fdd7632e61dbc0677c44225885ebcd46b519,,statement-regarding-california-transparency-in-supply-chains-act.pdf,,,fileName
900c7efa8afd88129dc8b2987c2045558162ad410eb63ce22bf1093c92b7e83c,,Annual Report,,,fileName
901d80270e72fef72922c2a7896a261d2aab5b5fa74e4a16ef0e52ce9998b5cc,cn-supplier-code-of-conduct-en.pdf,,,2024-08-06,publicationDate
903e6bf1649ccf51d3d0d4a25cb319f10988b5d386f329a99938763d6751d89e,,RGSBCP2023EN_27032024.pdf,,,fileName
904b68164ae73b7e48be0915de3473b908553908c310a0353f634e9679c84902,,Annual Report,,2022-04-05,"fileName,publicationDate"
907d5e5757345ecd5dd6bbfb4abc21720401f654a677bff7e5acec3d20e93a73,,Annual Report,,2021-09-29,"fileName,publicationDate"
909077086385992fbcc835d4d2066780fbdc5637469d560d7c18cdb907cdd775,,Integrated Report,,,fileName
90cf3ce32fe9c4eeb7b54ce5b7946621441138dc4a4843ab12bbbbd562e8b4e2,,Annual Report,,2022-05-20,"fileName,publicationDate"
90d4569595f7916e79c2fd04f045edd085a3f1093001c407f05a5f7823e8d0a7,,Integrated Report,,2022-04-28,"fileName,publicationDate"
90f4692fb7745445c9c994014e5346770897459b0e5fca7fabd847776be57cd2,,Annual and Sustainability Report 2022 Porsche AG.pdf,,,fileName
910e394bb3a29d7c8128c8bcc962ef03f4c4825f547dbffb46763e3cf46d4ecf,,Annual Report,,2022-02-03,"fileName,publicationDate"
9113789bae2e991c976e46e8b27e94bf81af646c10eefb7c70c9c4a1be8d94c5,,Annual Report,,,fileName
9115c19b89822026874e2463e84794b927b621422fe936a6519244f217979474,,mps_whistleblower_policy_2024.pdf,,,fileName
911d2f8705d5ef1785352f6a30afbe0b039a101f53e7042024faab35287de51b,,Apple-Supply-Chain-2024-Progress-Report.pdf,,,fileName
9146488f3eb7afef683bb33efa960817a8d4bb47bdfd4f014a44c770a3305f1f,,esb-policy-on-modern-slavery-20199e4b8396c5fc426db1240f7540015a98.pdf,,,fileName
91544fff8f5fbce6064f25709c44033ca57391604835b70507b88f8ecf38e8b4,,EEO Policy-0317-English.pdf,,,fileName
91793f206eb06b21fc597897602d03abb3cb188b20f8821141c2727d2eedab59,,Modern-Slavery-and-Human-Trafficking-Statement-2023.pdf,,,fileName
91934321b8191f496b3147652396b4d7b472df4431cf05472a4d2688e1816d40,,Annual Report,,2022-03-02,"fileName,publicationDate"
91b35b5fe847ba7eeb7906b25e534b67155dbfa04f590091e4da95ea1b83d6e1,,Annual Report,,2022-04-27,"fileName,publicationDate"
91f3b79f24390ed0a826e42396fd7521a0005f7d1f07934d23a56754fa43c8ec,,TAXONOMY_Annual-and-Sustainability-Report.pdf,,,fileName
91fb427a6ddf9f3b5b703c86678a2a430c4d4a96ff9277fcb0c84fa0f911b96b,,sustainability_tcfdreport_2024.pdf,,,fileName
920ddc4837ad5857bc8e69cfafbbf3fc555cb97e44521a966915609190c8fd04,Annual Report,,,2023-03-10,publicationDate
9216ad1c6037a7b83925bce932348fe745f223dc5f1c1c998716fd5361034e27,,2023-Annual-Report-FINAL-PROOF.pdf,,,fileName
921742aab32f4c67ee4fbedb6de11b1e7b999d1fd34ccd388af1f409bdcdff7b,,Integrated Report,,2022-05-09,"fileName,publicationDate"
92393aa4beafdb1726a93f6a00107488371b3d100b2647e91e64c608016261d5,,Annual Report,,,fileName
925d97eb1a0b8f0f71ae7ecb622083e82548c3cc083b3c6f2b40ab427c73dafa,,Sustainability Report,,,fileName
926fbc5050d8d6420fa568743f6326236f8f530fe47cd0cb0b1bd963e293667c,,Annual Report,,2022-04-24,"fileName,publicationDate"
92aa24e09178be45517af2c1cff0b51ac79dbe45c024024cbf10206a09a477c1,,Annual Report,,,fileName
92b35f0de2f8c03c4704a1e8a3f700b9d8309f160fceb041b2d88a61fa416a7e,environmental-policy-2024.pdf,,,2024-10-16,publicationDate
92bfd06ca084f8f05ead6ddd124586be761bc8abc3b46ab97694f06596b72d89,,2023_esg_icbceng.pdf,,,fileName
92cd041f3ae23a600532b3b84e1a58809f454c04094b92ddde077f1695a8ddba,,Annual Report,,,fileName
92d5f62325ce97136257eb8bd9ea4ee3b63b0a434f2b1e29caa0ef032a375b2b,,Annual Report,,2022-04-27,"fileName,publicationDate"
92dd106cecd5d62b2be0edda42632343ff4cf5b0dd20ea2d38d2ec501f2eb260,,Environment_Consume_Less_&_Better.pdf,,,fileName
92f28c43b2ce07ac19493e8a978388ae7b0c11af4e13f3a1f6489a00f165907b,,Annual Report,,,fileName
92f49fa7e78ef9cfa1056cee44610c2735801bd1876752f9c58e15e27fc68c85,,Annual Report,,2022-06-01,"fileName,publicationDate"
92f59e53de3a16a2e1ca390674689deccceb8439db6ba426a4c914bd87aeab42,,Annual Report,,,fileName
92f75bec1948035c2efaecc39a6e988bd84f08c14b89759471887176f492ed38,,Fluvius System Operator/Ethical charter _ Fluvius.pdf,,,fileName
934af7fc64d446f19cbc81ef2d3086f682f01a41305aae297151358236705f40,,Sustainability Report,,2022-03-31,"fileName,publicationDate"
9351a84fa18099e76672ec7bb7d6891d5fc4d2bb9df31488003103fa6c58dbb9,,Annual Report,,2022-04-08,"fileName,publicationDate"
94037f8bb138960d70cd800243becd2239fea949969f5b6f1084e8213d8d72b4,,Annual Report,,2022-03-29,"fileName,publicationDate"
9419ca2a83a57a2072c5f8067e754748f7b5734472ec04dbd30c16c49d3da576,,Annual Report,,2022-03-16,"fileName,publicationDate"
943acbc14a8cb10b415ff4bcaeff311917d184b15234e5ca7e7e365ebbbc6218,,Annual Report,,,fileName
945487bcf49812f99f088249c24fb989b249e85caccb7ad264c70e4a9d72b8cb,,Barco-IR2023-FIN.pdf,,,fileName
945de25688040f516b6bd57a7067e3d65d314dfaceccc34a8bdd815b836a23cd,,AIB GROUP PUBLIC LIMITED COMPANY/aib-human-rights-commitment-28-02-23.pdf,,,fileName
9467785085f7a3e5e4158dd7c3aaae3fc9485aa1cced8ca53ba7ffe809028b73,,CONOCOPHILLIPS COMPANY/conocophillips_2023-annualreport.pdf,,2024-02-15,"fileName,publicationDate"
948f10047396d6caa6b21fb8162998840882a5c98e8d2786099abc16a0f12345,,Annual Report,,2022-04-25,"fileName,publicationDate"
949c77d34262f29812065aa7e756bf3e6b395fdf47a248fb9f003e54dc68e2e6,,grainger-2023-ar10k.pdf,,,fileName
94b243653022f0e74cdb331c7ff89d99e67c83fee6124e838a1e12905a6d0944,,esb-group-safety-statement.pdf,,,fileName
94d8580f2094abe8d5dd455db7d7401bc8cdc1631a99fa26dbd695a3b8546229,,Integrated Report,,,fileName
94ff3aaa9d9f3c0ec37e388a913c3427443f62603e59a6b31a0c93b44d95d4a6,,Annual Report,,,fileName
950d56ed2dd263f8d9f838092dd6f90eb5ddb5f2457ed538509f8bfd60604a8d,Annual Report,,,2023-03-13,publicationDate
95177bbd2dd0452d395c7da3b8d10f5ec8d22d45cb68daf47c81faf550c4648b,,Global Code of Conduct and Ethics A 2021A.pdf,,,fileName
952dede1cbc15d5ee4fce5c40165ac798e285f806b5a1657f7b4133885ec6081,,Annual Report,,,fileName
9541cf866304af5e53e18e3673732a80308db336902acd5c5b35b8b2a1237903,,Annual Report,,2022-04-01,"fileName,publicationDate"
9555b9c73b748c80e42fa9b67195fa373dc5e948a4e8b1c9b4f2cc570d433557,Annual Report,,,2023-03-23,publicationDate
9559c6aee79aaf367033bcdf64cad77d84037eab65475fa772a767abcc36c70b,,Annual Report,,,fileName
9564dcfa32fa9b3f088f642fc3a13b84ab15f9d62e88d2bc2c279e207ebaea45,,Integrated Report,,2022-03-25,"fileName,publicationDate"
9568c624fa00e556f234fd768788a06a5ea87498515e726c95f473b137088df1,,TAXONOMY_entire-basf-ar22.pdf,,,fileName
956e67612ee51352683e90cd0df453a8acd1fd1de2d4c6a4c38900b547ff66a6,,Annual Report,,,fileName
9580e2b6ac0b119ffd54182c2ed6307b1ea571390bfadccbe93d050c120e377c,,Annual Report,,2022-05-24,"fileName,publicationDate"
95880bc3312c6787f8cd77eaba1096fb4e8d1ad25926b703ffcd53331433b902,,anti-corruption-compliance-manual-english.pdf,,,fileName
959b9fb6b9572d43c76b5c1a2b29a3451ede26f1e047e0539bacd1e851f292de,,gf-cr-financial-report-2023-en.pdf,,,fileName
95b29869990f3e960ba3ba4611d3ff3d35eb967ef7ae1180a8678fb41b77d477,graanul_invest_aruanne_2022_web_eng.pdf,,,2022-12-31,publicationDate
95fb8b22b8313fe4d494a2b8a63ce8c8bacb146707e960c929fcd085243826f1,,Annual Report,,,fileName
96068dc8122ac956097aba2f9c86340e119dde524e3b9abef63932bf952979d4,,Integrated Report,,2022-04-05,"fileName,publicationDate"
963047ff5bbfe1d2e08c6ad23e7b3a06b5bfa2d2986a2f88d510a6beaa4f6cc0,,Integrated Report,,,fileName
9653b1f1dc45af709dc2bf997c1d037cd1aae58d3e6df14eae038f3829a20d4b,Annual Report,,,2023-03-29,publicationDate
9653d9b903542118e60af742baee58ddf3497b3a9a9158e6540017c01d53057f,,European Investment Bank/20240182_eib_group_corporate_governance_report_2023_en.pdf,,,fileName
965d2fe5f91bd5add4b7d0910a7da6c05563a1ce90f66ad7ae0d2438602dce5e,,Annual Report,,,fileName
9664435fb7f0c63514f83c31e2d6a51df5bb8b7ee034c9d1cbf743758401e065,,Sustainability Report,,,fileName
96a84db838307d21bee6d2f7f359e6debef8f6b645ee378b796c79039c8af87b,,Anti_Discrimination_And_Harassment_Policy,,2022-02-25,"fileName,publicationDate"
96a868c5e6046e599a3d2f819cbd38411721b9ef2613e98fc8d43968060acdef,infosys-esg-databook-2023-24.pdf,,,2024-06-06,publicationDate
96bf8e7e31a5149373134f2d961f7f2030426490cf6269f75d40551c4710cf76,,Annual Report,,1970-01-01,"fileName,publicationDate"
96e2450d9b865710db06cf20bfbaa3d0af22af931a61de950d77fa56552b0deb,,P020200427737006431103.pdf,,,fileName
96e9b7485705b61b44ed84b697e9fd2a81db58501a09354daae78dbc4b658c1e,,Modern Slavery Statement - CA Auto Finance United Kingdom.pdf,,,fileName
973e9a972206ea8d2e6950e912bf4819625fed835e2f0875738e458383569c0b,,Integrated Report,,2022-05-05,"fileName,publicationDate"
97607363d287b60ac7a3aa1efb91d0c879c5ebd801dcc91fd25ac4f4b9604f94,,sustainability-performance-2020-abb-csr20,,2020-12-31,"fileName,publicationDate"
977cedbd2c66f5759a8351e67f816abdb9c8caa0c65a747a1b41d197e9d52bb9,,Annual Report,,2023-02-28,"fileName,publicationDate"
97885a38fac19a259e07d1204456f26c71676595bcea7cf210060892df810411,,Annual Report,,,fileName
978bfda7313d9bcc03c658bc77dfd17418827673c0a6db9c43271e65c2a21756,EHSS-GBL-POL-001_signed.pdf,,,2023-02-03,publicationDate
97ed62870b5f14faa91bf18aacde1c4d5ca5d3e81b2fb5261e6aa5c7a92642e6,,Kddi_Group_Human_Rights_Policy,,2024-09-06,"fileName,publicationDate"
980301e1347f1a0be48c23c2c9235613f53c5903ce34e9a78e684a64a9f0ddbd,,Integrated Report,,2022-05-02,"fileName,publicationDate"
980f23f390cdd4d1c2dd721ac77b1132c134449b502483108f16f0c14567fb74,,Annual Report,,2022-04-28,"fileName,publicationDate"
9866b2ce6b31923894cb01929308805f87458838723fdc46b5122c8b179c6e90,,AXW_URD2022_EN_MEL_23_03_23.pdf,,,fileName
98685ed03d6015ed2632bf443cb8054701d3e357df10dd85d256f42cbfb8477b,,Annual Report,,2022-02-28,"fileName,publicationDate"
98686a468ec743faab4ff1fdfa93d37978a827a5d2e4f667623662bd7bcea834,,Carnival Corporation & plc 2023 Annual Report-2.pdf,,,fileName
986ffb5d6f5edb67c262eda3c83f1a42ce18a413c3248e1b681f17e67177bb9e,,Annual Report,,2022-05-17,"fileName,publicationDate"
9876708c994a0f457badd6d2a80259d30b1fc5f71af9517059ac0cce8626d425,,Annual Report,,2022-02-25,"fileName,publicationDate"
98da8a838e57a69877fc2e391d35cb54cbfa297f33ced942df32935c77b668c9,,Annual Report,,2022-03-07,"fileName,publicationDate"
9913b42c8d5a5db444737c9c932ca0d368522fc901fe32a40d6229df5d24c229,,Annual Report,,,fileName
993fd75d2d877e4c1a6619420cd9264bea762cecf00462be3d7a77a5ae528849,,Annual Report,,2022-04-19,"fileName,publicationDate"
994f6df4130c5838dd3d4b85df3de7fa2760e847674cd1a789533fe46cd60576,,Annual Report,,,fileName
99504d09b7747e59fe8e67ffc1f17e5b4922e3589af97458af3879c14a543282,,Comcast-Impact-Report-2023-Final-Web.pdf,,,fileName
997a8cfa2afaab19156f6fd2d3499a7c6b809452071219d3b88410aa4a7bdbfd,,Integrated Report,,2022-04-15,"fileName,publicationDate"
9981a2e5fcc5bb00aed7b416c9ea4430051820b231421365e03ad563c431ac1a,cre-hs-23001-group-health-and-safety-policy-approved-sept-23.pdf,,,2023-07-21,publicationDate
99982157bf8a43b6204f7d2a6ba446baa31019366a1773b3efe7c0dcf6ed5fd2,,Annual Report,,2022-04-14,"fileName,publicationDate"
9a031158371f9fcfb56fa4354f1cd2932dd5e96c41d63f239f2fbc3841fda2fd,,Annual Report,,,fileName
9a2ff20fbe8082d1dcaee6c5fcbba95f6f4e4fc22f3f8fea22dd502be36ba457,,Annual Report,,2022-04-28,"fileName,publicationDate"
9a372521936e222e3a4a27ac9c5443c01751db999b3fe24fac6bb62030ef7624,,Integrated Report,,2022-03-31,"fileName,publicationDate"
9a4b07b4e47e1d792dc8d17bb0a60f52945b42432b58dba6ed95724d1267c4f8,,Sustainability Report,,,fileName
9a52ca3c7a7099ce629a785e1a5554f1f6bb928796e4894ca63b7281b58ae060,,Annual Report,,2021-10-15,"fileName,publicationDate"
9a76a09838cc2bccec6f8e1af74f452b94ef48a394ef4b839a7960205e91859f,,Annual Report,,,fileName
9a774fbbd3399fdd51c715f99fb6c5141d06ecb72d7bdae15d7fde51965231df,,Integrated Report,,2022-04-20,"fileName,publicationDate"
9abbf228127475c40e9f7a34d77108c94cdc730e1cbdc4dacfa61cbafd3ea3d8,,Annual Report,,2022-05-30,"fileName,publicationDate"
9abf7170988e5a8c81f8931adbef987beb791e6f497e81612ace6b34fda2ba16,,Annual Report,,2022-04-21,"fileName,publicationDate"
9ad171a2c0324bc869244afb2cbbaaf72c92089a2c480e19068db3c01984417c,,Integrated Report,,2022-03-29,"fileName,publicationDate"
9b059a8c16f5c48e171fdd829a40862287c7b935605024c7c10b707b94d02cd7,Human-Rights-Policy-June-'21.pdf,,,2021-06-24,publicationDate
9b3aad0d61d5b55efad50e9fcd360cb955d89627bde653e9b87f24df551ee6a6,,Annual Report,,2022-04-25,"fileName,publicationDate"
9b681e8988835a0050008b43442254579954524bc055930e15c7587aa31e653e,,jpmc-fy22-modern-slavery-group-statement.pdf,,,fileName
9b99b865479c370aa494e380d8dda89c8b68de4d888f55e9c7e7b00177161bda,,Annual Report,,,fileName
9bcb330b68aa6b0a20ba78318746bb3ac769605ccd78a19f46552567e9e8554a,,Annual Report,,,fileName
9bf49060680f773c35df64a6f23cb6bb020224cb9812ca29deef4d9c35075d50,,TAXONOMY_Svenska Handelsbanken AB ANNUAL REPORT 2024.pdf,,,fileName
9bfed5f155636209d5c12a6508d11633abed1ca7e0458217f79308ae79e064eb,,Annual Report,,2021-11-26,"fileName,publicationDate"
9c07019585805854f4115b92e6b98db68687ac311a3c986214e3795ecc9b4bee,,BARCO Code of Ethics 2023-EN.pdf,,,fileName
9c0c7bef6ee9567e7eec726e34b346a571bdf250b1f4ca520d4ad394b605012e,,Iberdrola RE SA/IA_TransparencySistemComplianceReport2022.pdf,,,fileName
9c49303594c217ad34ac449752e69e8324ee4b24d443ad28e3225d87df9b1e20,,Sustainability Report,,2022-07-07,"fileName,publicationDate"
9c5978f0f74b66e988dcac6be212446bacfd82f284305c729411d9b23f86c2e6,,Annual Report,,2022-04-29,"fileName,publicationDate"
9c5d7bda0259f354d1cdd6b8afed25b544b93997bc28385a3be895a540911785,,Annual Report,,2022-04-29,"fileName,publicationDate"
9c62c54518031696e3880236f8f08c5f65c09546a745b702cbc0eec4a05ee52e,,Sustainability Report,,,fileName
9c665225c8417621577cbbbf8c1a2ce0e717e316232b3c33042e42d29001ad29,regeneron-ehs-policy-september-2019.pdf,,,2024-01-24,publicationDate
9c7ab27c69e8d861f8707803ede815f3184f36f86f23bfe0179032e150610b0e,Annual Report,,,2023-03-06,publicationDate
9ca08f19b3a62df785d7ff2f8c7924d2b92d892378506aa767f62eb791f1a2a5,,Annual Report,,2022-04-27,"fileName,publicationDate"
9cb973a6d3a8e3c5bd3442db8bdbac69d61d3b5dd4909c0fc63f9f265ca5d3a2,,Integrated Report,,2022-05-05,"fileName,publicationDate"
9ce7fe880e414054e82bb8fd3b29d591d7082e9f1ed212fe87bc43b8d2a865a1,,210222_charter_of_ethics_uk.pdf,,,fileName
9cf94304fe4641af04af084cd093d01552e6c3be9ddd70e3bb616d11edebffaf,,Sustainability Report,,2022-03-31,"fileName,publicationDate"
9d0cdb0c210926410387a95190c19254e30e9fadc4a4291ac1f79c9e130be74d,,Integrated Report,,2021-12-23,"fileName,publicationDate"
9d1f0820bd2e2e9247f045699ca8406b514a228917d60bfd43c322d5aed21fcb,,casa_urd_2023_.pdf,,,fileName
9d2442d6fb41fe5aa1a280d6e4d3ef1fce531fcc75f0387785acc43d2d892143,,ups-20231231.pdf,,,fileName
9d3dc11c1be68a0f2a45baa07ee05338f19291827364c1b877e59bb7636f834c,,Annual Report,,,fileName
9d3f5225e96e04774c381ff615ed2fca216a9d02b96f3060967bb8902876c924,,Apple-Global-Whistleblowing-Policy.pdf,,,fileName
9d3fd246cbf6d3b8cf37c5bc72be001b7aa2f563ff7ecb0dddab9737f8b77365,,akamai-2023-esg-impact-report.pdf,,,fileName
9d4df646f62c8662a0ac8f110f22bee662412954a49815b7f4a2313e9b3479c6,,Integrated Report,,2021-12-24,"fileName,publicationDate"
9d5539ca7e6ea39f7de2ba203725c02d0cd9b7ea92255a3a2b2fc819ee6d7d60,,Sustainability Report,,2022-03-23,"fileName,publicationDate"
9d577fab26920061cb2c1355ab5b0a4ab4ccd54b0ab4c8d116e8065a72807c3f,,Annual Report,,2022-04-07,"fileName,publicationDate"
9db5733b06c2dfb658e458e493c1584db8b10a40cdc5ec6feae00ea8f4cda471,,Annual Report,,2022-03-01,"fileName,publicationDate"
9db8b0ac3fb37264e1f994bc4b302a747351f3910fa51ea51adb6c1f3dcaaf27,,663d0fc583bc97085dd83ea7_BCG_2024_ENGLISH.pdf,,,fileName
9dd42158e3693711d9289fdbf57ed96ee34baa0fb1301448e3740a73c22f44df,,NESF-Modern-Slavery-Statement-January-2024.pdf,,,fileName
9dea8554777a86469454c2d42685b5060a2d80c502abed4a7ef7428c60cb5bb8,,Sustainability Report,,,fileName
9e09398cf38ab27af4d8e5c7b7cf0f7e775f58f5c7dc7bbab2efd8cd0ed53b5e,,Annual Report,,2022-04-22,"fileName,publicationDate"
9e2bed370e76c53f198211fd67abb8477d4c0efb053249561f3b0908050c172c,,Sustainability Report,,2022-07-22,"fileName,publicationDate"
9e31b18c23b74ea911cf336758b86022ccedcc39527d46956d0804db3d7ccac5,,European Investment Bank/20240206_report_on_the_implementation_of_eib_group_transparency_policy_in_2023_en.pdf,,,fileName
9e366d302e6906c85dbd7464abf97cfdd2fdbacddb953308d1a418e6cb508633,,Annual Report,,,fileName
9e376433c8cbdc756c11390c3056f2ab503e8578b88b161c72f745455ed872b7,,Annual Report,,2022-05-31,"fileName,publicationDate"
9e3911fafcc9edef94bc80badaffc3090c563e8972c59a540104705e124ed15c,,Integrated Report,,2022-04-22,"fileName,publicationDate"
9e4cc4dbd36b6fa7518660df1faf8dfc091ef55ccb5927d145b9557a8421e338,,Integrated Report,,,fileName
9e4d528ecf2d927cc1a88b2778f2dd43795ebd51a5f7963b51474bb5d058f82d,,Annual Report,,1970-01-01,"fileName,publicationDate"
9e50690b4e66c1e3f7654919192a6d96e912a08756da269c937a0dc49549a83e,,Danaher EHS Policy (May 2023).pdf,,,fileName
9e87f9cb7b9a22ff0f51bb871614a4371a791f910bf6787aec925859004f9d87,,Annual Report,,2022-04-11,"fileName,publicationDate"
9ea76a892c26b12269a6d2da22cc3af5d1f150988428001a1e7a811210da8fe4,,Annual Report,,,fileName
9ea77409e0b86cf0e593fe183c7f20d025dd26b56a01153f1b2e62f752fd200f,,NetflixInc-549300Y7VHGU0I7CE873-2022-esg,,,fileName
9eb43f7edb12775a547c15048febb2ec2f5d22adbb73523037724ead3c56318b,,Annual Report,,2022-03-21,"fileName,publicationDate"
9eb4b0f5c00fc7279a422dae0c7d5ccab0e11c439ed5e3f9ae261d51599e5c16,,Sustainability Report,,2022-09-23,"fileName,publicationDate"
9eba09504432be3a3ce571e0f8dc4a4d612d71280a7f59eec986ddda8338a2ac,,Integrated Report,,2021-10-18,"fileName,publicationDate"
9ed2448c93207066910d9e6cb34eb4b31b70c7f13fec12e336af3d01223d6156,,Annual Report,,2022-05-31,"fileName,publicationDate"
9ed5eea550277ac4b65b6931425669454a2f75b0e3956c0829307a38f9e2997a,,Integrated Report,,,fileName
9f026e2922c33604209de05cdab8b5ee65c58ca3e316417225b073abd4bdbc75,ESB Finance Designated Activity Company DAC – (Ltd. by shares)/2023-annual-report-and-financial-statements.pdf,,,2024-03-07,publicationDate
9f0c0a87a52ef95388cec87706791861772168b54624ab795caa2384dc699932,,Annual Report,,2021-12-17,"fileName,publicationDate"
9f1ebc58f0c0dcb05a3667ca9a31530fe0fca8c2c5f41172eff70a490bc98a6b,,Annual Report,,2022-03-30,"fileName,publicationDate"
9f617154c938bb51da1bc537f84e1d81dcca290488f08128051865dbe873d190,,Annual Report,,2022-03-29,"fileName,publicationDate"
9f6529a21d70388944cf468fc55319be6bdea9d53785e25f636cfc314389382f,,Annual Report,,,fileName
9f73365ab9a5a555f6409e88f07b1035ec39b6263d434813a8f7997c247f1be0,,TAXONOMY_eif-2024_urd_fr_web.pdf,,,fileName
9f7434a5809de1c12e251c6cb3d2d38153a6b29c5b3c2cfbb80612e4a450b16f,,Crédit Mutuel Arkéa 2023 results - Crédit Mutuel Arkea.pdf,,,fileName
9fa06875134b5b78c05c1ab6f51bd77314ad0f2a82d8e61d27c90b774f22c6d7,,marvell-corporate-environmental-policy.pdf,,,fileName
9fae27ebce55ea2e17bf3d5bc6eeb2a81efef76f4586562bb971432eb1fbcdfe,,Integrated Report,,2022-04-07,"fileName,publicationDate"
a002c4d41a6b4a87f35217ee5ce88976ab337d41182a2fd5e2c4972c0af6e833,pa_e_code_of_business_conduct.pdf,,,2024-08-19,publicationDate
a00491eb43b02d446f68085b7264dd2f167972346a28afdffcfec7da63fe0e99,,Annual Report,,,fileName
a0197977c2e998d331dadb0cf94c416708fc4794941cf9ab42b42825dcc5097d,,Integrated Report,,,fileName
a01d041fdc38df8df8139c718ed725086763f853001662ae5b84d713469c6efd,,"MARS, INCORPORATED/Land Use Position Paper.pdf",,,fileName
a020bb1defa1b53e86af7683981d21f22b81ef5db7d144309f58c45e27b9fc0f,,Sustainability Report,,,fileName
a06ab0217d50a621a8621c7db3d043998bf9b755c03aca1a04126ccdda82f6f4,,Sustainability Report,,2022-05-10,"fileName,publicationDate"
a083b8b51a65201a88d91f32ce895deece0d3c75eb713dce27cedaa3b4e8c45d,,Annual Report,,,fileName
a0dd72f14f0370cf805fd584f10cb8404f4fef2f6f84876dec0dd067dea63e86,,Integrated Report,,2021-08-27,"fileName,publicationDate"
a10cd4c7bd835d842311603ac755eaf6802fed297d0e8bc7d101b2b5595c55ed,,Code-of-Conduct-English-US.pdf,,,fileName
a1277a40e11889ffe0b72c31a2695c0e047f1395048a252cf4323ecd378b20ff,,Integrated Report,,2022-04-07,"fileName,publicationDate"
a13b828875a45efc551a52d05621acf53396a56b120531c9b0af431470a851e0,,Annual Report,,,fileName
a144b5278c4032347dd9d725120d34fd0f45186a4c5b9fcf753a34aadaa96a80,,Annual Report,,2022-04-29,"fileName,publicationDate"
a162cf501b6e488faf52a6cac57329815da9e71c6b6531c6a18c38adfd79a2e8,,Annual Report,,2022-05-09,"fileName,publicationDate"
a17e295121f46361419d56a98e6b49007e7a6fdcd8dd20eeb3f8a08bf0d2fb4b,,"Kurita Group Antitrust Policy_ Ultrapure water supply, Water Treatment Facilities & Chemicals _ The Kurita Group - Kurita Water Industries Ltd_.pdf",,,fileName
a1886af63e2a566e5f5ad8419a4a4fff038ed56e2ed8b2b088a5f4d5e3084a6c,,Integrated Report,,2022-06-26,"fileName,publicationDate"
a198ed2567ab6f4404fccc9fd773b4068498437973729813dd0576fad831de70,,Annual Report,,2022-03-30,"fileName,publicationDate"
a1a0905e1498ec22011417eae72706da4f6bbcbc84fe59a66f1c15e9ab320f5b,,Integrated Report,,,fileName
a1acbaa8067f5d0f9b06ae7109110915aa731c64dda33f9727af1269a79979b2,,Annual Report,,2022-03-29,"fileName,publicationDate"
a1b76747145f2a07bf4d0b4ed391facc2d90476b13fe68826786dcecea4e2558,,Annual Report,,2022-04-29,"fileName,publicationDate"
a1dd446939a238ebe70668900953f0103ed7ea6e9c12576b8ff0ec4c87048a4b,Annual Report,,,2023-03-30,publicationDate
a211baad1632be782c104e95dbb7d48f2743a3bab992cc1c86fe345a7a4b0c8d,,Integrated Report,,2022-04-08,"fileName,publicationDate"
a21ba9e430ece3ea7a5c93082d421a33ec3412d09a9c7026ef02aa0f33160a7e,,Integrated Report,,2022-04-15,"fileName,publicationDate"
a278bdcc4ade5dfe1fea2009f6f5713b9899eef980389c82739ce3c8b26a0296,,Christian Dior SE/Christian Dior - Rapport annuel au 31 decembre 2023 Kopie.pdf,,,fileName
a28a19b45f455287a63a08bb40c9396b95bbe5b866a3622b6eee03b5dc695dd2,,Sustainability Report,,,fileName
a2a4e71414babb0f217bc6cc7edbf9f355f32deff5c7afc4208d2dd086b076f8,,Annual Report,,2022-03-30,"fileName,publicationDate"
a2d106061d4c4f8ee82c81a8674fa983fafcb7daff766b5276b8f9305a83dc10,,Scout24SE-5493007EIKM2ENQS7U66-2023-annual,,,fileName
a3082f0c627080ad030ce7209e2b0e601ff840bf91177968373f8629b7e0f0eb,,Integrated Report,,2022-03-22,"fileName,publicationDate"
a31e284a0a7919be9b5eae0b54f58185defa786e5e4256a448594b9604968627,,TAXONOMY_20230307-universal-registration-document_en.pdf,,,fileName
a321c0194956eff6210ff6c302b1e13a5e5ae46365b2e2e9f506110e89acd5b8,,policy-on-sustainability.pdf,,,fileName
a3279e66c6720497f5592d8352bd7f276ff97b2e727b1525465045861e814c39,,Annual Report,,2022-04-28,"fileName,publicationDate"
a349ae3223065c4ae6041a386e42a39516b062648fad78ad94021cdb30fd9a90,,Annual Report,,2021-09-29,"fileName,publicationDate"
a34bf9185952388a7c30b4cffe1bdb856d99dad907a92dc96ba7d68a557e8dee,,jde-peets-annual-report-2025,,,fileName
a36d57e02a7d31e2449dff24c5361854d23690815df418f702e4bb77f42f1d80,fortinet-anti-corruption-policy.pdf,,,2023-12-20,publicationDate
a36da84ba01985f47feed507aa78e33eb53f1a74980d60e03d48f74da149b6b0,,Annual Report,,,fileName
a3841c5ce5bf9469735a848c0dc9ecd128a3a45473f244f26a1634cd1d4c2130,,CA-Auto-Bank_MOG_2023_eng.pdf,,,fileName
a389b321de94ee94f4488a3a967e32e74953a63f081b25c1cbe6e2c46c132d7f,,Annual Report,,1970-01-01,"fileName,publicationDate"
a423eec90f194ba9bb14a9536707c6e2571739187f695fd368bdcbe7961c9000,,Annual Report,,,fileName
a44b43d4e3aaec7a1b76355a96fc2534bc1dc513fbf7b8f2c0cb84f22456c704,,Annual Report,,,fileName
a46c8e5ecc4948b40de209fad010de3e07001df6351c95056d8ad5f6a248f54a,,Integrated Report,,2022-04-29,"fileName,publicationDate"
a481c23df24b8d2e29dd3350246519d3e8ea5726d00fbbf5ada43d7697e36299,,Annual Report,,2022-04-07,"fileName,publicationDate"
a494d1e2381f3c6881a05953711ac9f6214ace8e6ff61d132aa15e43f35deb5a,,Annual Report,,2022-04-20,"fileName,publicationDate"
a49c5ac7aad2ae7a1b4bb68a6c61da9c0cb6d52f3243d6181efc540e594626bf,,Annual Report,,2022-04-07,"fileName,publicationDate"
a4bbe1d59c8fbde05f4adb563ec0524a7b10c100d2f87480fa9a5dc8664bed5d,,TAXONOMY_ISEINFF-2022_ENG.pdf,,,fileName
a4c5b1355d690f5bd38ed4e319f4e551e27ac48fc879d618dfaf57d06a268f19,,Sustainability Report,,,fileName
a4c5e7bd707b9de7bfa3e79068a00b18cd86f8f804fe279cca8d107cca2319a9,,Part III - Corporate Governance Report 2023.pdf,,,fileName
a4dc33a10c792e9577cd12a6d2cb2cc44b8528f3c4bb91ff34fddb94ac43641b,,Integrated Report,,,fileName
a4e0fc7cd7ae5dbf5efe491b5d611d70d351751031408356e07f46c596655df5,,upm-annual-report-2021 (1),,2021-12-31,"fileName,publicationDate"
a4fdbb983a61a90c826abe13bc17102a8f55a37b18e52bd1daf0c5be9af10f7b,,AIB GROUP PUBLIC LIMITED COMPANY/Environmental_Policy.pdf,,,fileName
a54916ae2584e2b84e5357352fb127eebf822dc8d34f77a6abc555515376ab26,,Integrated Report,,,fileName
a5628ca5bfef30d0a84e14fbfd03d8997f4fb93ff6ceb89cf35df01314bdfdac,,Annual Report,,,fileName
a5d3e93ddfe5c989d0a3a070beb818b38a5492e4c70606dcbbff030dbf84542e,environmental-health-and-safety-policy.pdf,,,2023-09-29,publicationDate
a5eebf93496283d784580ae084d1ed233a0a0cae0e865e38ca39f2c539e9cf33,,Annual Report,,,fileName
a5f68bbfc37127bc08ec92cfa630bf70d0d8261e07de30f78fe6bca19f7cef70,,NYSE_MET_2023.pdf,,,fileName
a5fcbbbde30e9efc04a75ae86f920262f887531b819a047b2faa7dc5e0826a81,,TVO_AnnualReport_2025,,,fileName
a66304e614b0fde92f85519574bca9fd8a13eafcef445c10d91bafc212917743,,Annual Report,,2022-04-13,"fileName,publicationDate"
a6b54bcbc4392f083170539895155531a90a4a06c5d9cd8ca3ee8c07ead30fdc,,Annual Report,,,fileName
a70858f64d68160f4656388e0be7284ef1fbd7d3986ad759b22bb6a11dfff464,,Anti_Corruption_Code_of_Conduct_Web_993878a407.pdf,,,fileName
a70a03944c7d4efb5a065d1cb7fdc47029ed649f014ad90b0b3e8122a9cb4945,,Annual Report,,,fileName
a7427d04ef4a51d9b498b89fc83557b149e3d4a1b64d83fb880f454355c7cc10,,Annual Report,,,fileName
a7c911a0a7ce2b6b655e0d4c44e5f737a0d73e2d6a9ef1c2efe4f5832ce222a9,,Annual Report,,,fileName
a7e29e884dd9468968610a839fdb0dbe3412eea7c37f1b85b00b350fd6080a13,,Annual Report,,,fileName
a802bca3984d8f17ea276a20e0ea13fe4ba0476618fd279ecf59190f0948817a,,Annual Report,,2022-03-15,"fileName,publicationDate"
a83a65b49b6f2502570e5d35eb0e235b035ba1a181a7f96d65f54e219a6ff58b,,Annual Report,,2022-08-25,"fileName,publicationDate"
a87314428417844d9ab41cbdee72dbd45882760412f7f080ecb4ca5248bbe076,,rt-climate-report_2022 (3),,2022-12-31,"fileName,publicationDate"
a8b9c2f95e6f53323659c1deff26a7e9336df773a4deec5828e34365ad49e424,,TAXONOMY_Aurubis_Annual Report_FY 2022_23.pdf,,,fileName
a8c270be110b43a4651294941b27b30884b00713e5f43c7600b5ed1831b53e34,corporate-hse-policy-2023-rev.pdf,,,2023-12-12,publicationDate
a8d7808c9de9cc7302ca8a9a6214bf2718fc7d6e23b35cc113f184b62b17cbd4,,Annual Report,,2022-04-13,"fileName,publicationDate"
a9177ae41082ff8982389908485509d93fb95ff397efd26bd250c7d035fea539,,iag-statement-of-non-financial-information-2022.pdf,,,fileName
a927b3b86ac2efe276f31e8af081174c5883ada0d823cd19916bb08836136bae,,Annual Report,,2022-04-04,"fileName,publicationDate"
a928170e033451d24f612ecbd0c310ee5c37d78d8c5c2041fc3d0759402d8326,,Integrated Report,,2022-04-20,"fileName,publicationDate"
a95430d6b82cff1d652517f7d18656fab1323d7db066373c51df1bf17dd75ad1,,Annual Report,,,fileName
a9775878491bf3d3223d77b24fa7497818c705c260a551196cb221f8855e8718,,Annual Report,,,fileName
a9af146fec5e9793d305e76375850862ae5f84df65247722a6c5681482d16225,,Annual Report,,2021-07-26,"fileName,publicationDate"
a9b64056249481291317222543c093115b0e2213597c64bf44e3ea8d3634ba44,,code-of-business-conduct.pdf,,,fileName
a9b9f7eedd490060e161c8032119a049460bed5b7b69b7043331cc5e3279f579,,Integrated Report,,,fileName
a9d44a46d00e99c2b4b40e7ccd30b6e189563bfcb0498cb879c68afeabcb0321,,Annual Report,,,fileName
a9e3341d31f06fdad1656e9b961d395cd64b540d9a299c4d2c8330fa1f45cd28,,Danaher 2023 Annual Report.pdf,,,fileName
a9e806216bf0b2e3f12dc4afb19a30a239990b5e36125f25943d56415cf6ef63,,fluvius-system-operator-annual-report-2024.pdf,,,fileName
a9eecfab85aebdbf5647e9ce57b82ca80539f9a90afc1faa5e267e2a15c41e56,,raising_concerns_whistleblowing_policy_English.pdf,,,fileName
aa25fb902099ea94deac273db267b3ee493cf2807b9c86e3e590507cee706bdc,,Environmental Initiatives _ Renesas.pdf,,,fileName
aa61d627e71d19690bd4b52c1da9636a1f649f02ec09ab682efb46054f29db2d,,Annual Report,,2022-04-04,"fileName,publicationDate"
aa6a103344d64859511fd9ffe4b5ddc7cc5f5519a421a82644c4106fde8fda55,240509_BHPCodeofConduct.pdf,,,2024-07-08,publicationDate
aa85fc511cbd00a88d8272c79fa5fdf4ff8c3b5f744188d059f9cfc99acde7ca,,Annual Report,,2022-05-26,"fileName,publicationDate"
aab9b80e6a206e7df485211b48bd9f22eac4b4c698378a52d17f2c00f891cc5f,,Annual Report,,,fileName
ab2b1f6b7330f21024e789e5b413c10e8875e72cf869789f2211cb4e31a826bd,,Integrated Report,,2022-03-16,"fileName,publicationDate"
ab46250a1ee5dcc4b213f567974515a896811353d433c27c15979b9b7d9ff8f2,,Annual Report,,2021-11-16,"fileName,publicationDate"
ab52bf5064d70cc0f16f53629b961b90c378b5761f3699c5427689cd86252928,,social_responsibility_report_2019_.pdf,,,fileName
ab8cfdc7e8ebdeb7a9f7badd1c64680848e1a3fc0cb56fe69860a297cd889e8a,Baidu Inc. Code of Business Conduct and Ethics_02192020.pdf,,,2020-02-20,publicationDate
aba483c887246ee6fd01db3bfc3b725831e25f826c5a7351889e091ac1a6a10c,,Integrated Report,,2022-04-29,"fileName,publicationDate"
abd4147e11c2c43ff840420f5e50107a0cc9d200c427f0f75d0b57fba6d8065e,,diageo_sustainability_-_responsibility_performance_addendum_2020,,2020-06-30,"fileName,publicationDate"
abdb27eb5cbaae1b27c8ce0ae98425aaf57667f9dcf0ea1852d6ede7c376fcfe,,APA INFRASTRUCTURE LIMITED/apa-fy23-annual-report_interactive_230823.pdf,,2023-08-23,"fileName,publicationDate"
abf038f2cf70f0c4eff3490b5cccbaa7b88fffa38a9ca72140cc3b7a693b20ee,,Sustainability Report,,2022-03-31,"fileName,publicationDate"
ac05322f7b2d6015b61ed499b52d225b82b811ede273bcbf2dbd7796b0e1f0d3,Nachhaltigkeitsstrategie.pdf,,,2025-08-14,publicationDate
aca3f2bc8d08de3a34ab1fe7e7961a21f231dea404c59c6f0155704f1dea7aa5,,Thermo-Fisher-Scientific-Human-Rights-and-Modern-Slavery-Statement-2023_1.pdf,,,fileName
acb1b92f0ba170f6c88545f18bfd09c85479989e34611305a869bfe5c90a4344,,Integrated Report,,2022-03-31,"fileName,publicationDate"
acefcd58691af6d0672d07e551ead575768fd5b7eb100f5d53f086efca2bfcd6,,Integrated Report,,2022-03-15,"fileName,publicationDate"
ad0b332a8a050205bf265b277161d5f003de760e6a440fcfc626868d64118c31,,Integrated Report,,2022-03-23,"fileName,publicationDate"
ad1b8b4368549d3352699dba909d8ec1cf1b3727b7859962f9d7a95a23e7a0bf,,Annual Report,,,fileName
ad2a57bae13ee4c432e797449d3ee7c9c482d46f39923d0af084633c48739393,,Annual Report,,2022-03-31,"fileName,publicationDate"
ad58e1cc015887158698fa248c30698b2620e6693254ec2629249b53923777d6,Sustainability Report,,,2023-03-10,publicationDate
ad600a54f61a1cd4feb8ff54d2873d1d71e6e875ae8172ae667fc82a0f81fa98,,2023 Conflict Minerals Report.pdf,,,fileName
adce3b4a80dc57e0a83c780f32bcdae3b09ae39d64784e40207d7d5cb69da1a5,,whistleblower-policy-nov-2022.pdf,,,fileName
ae1f3e16648523bb9b3e6232ae1b06989070c56bbb4cd9319bd28ecca15685e5,,Annual Report,,2022-05-03,"fileName,publicationDate"
ae22dbdcc344f56a754f4a82fda497aa2c9957e48ae03edf2330fb57877690a6,,Annual Report,,,fileName
ae46ead18b299a72211c6746318de40642883fe690d7989afd92002dff69f54e,,Modern Slavery and Human Trafficking Statement _ General Dynamics.pdf,,,fileName
ae66e7767eef16df70c4e084e6fd0b9d157f4cc6bc00b87844c9b8624837037c,,Annual Report,,2022-03-15,"fileName,publicationDate"
aebec8603a5fc09cc9734b25f065931caa37d3296c88588da70e482148f29214,,WestpacSecuritiesNZLimited-549300W0N3O6Q4RCKE25-2023-Sustainability,,,fileName
aedd9ade6d2978af9986f927e89ba0ad4e8328e05a69376eb332daeeb21d8385,Pernod-Ricard-Global-Environmental-Policy.pdf,,,2020-01-07,publicationDate
aeffb2e5e43af451c12aa9d350814c1ec2f1c6ee05a73a787cf0ed267278d490,,"MARS, INCORPORATED/MARS_Human Rights Policy_V04 _ english.pdf",,,fileName
af4e5f8a1a99b9877e291b4ae2da15f4269ecbe3dce424c87151fb0293ea09c4,,Integrated Report,,2022-02-24,"fileName,publicationDate"
afb8623f8d848bead8d94e38d50f46a8111a7cbbf1678fe43b6d157c726dcb69,VQT-Nachhaltigkeitsbericht_ESG2023_DE_vF.pdf,,,2023-12-31,publicationDate
afbfdf165ca13095b4246b26ee836f4ab79b259f55cf5796570eb82dae4142be,,Siegfried_2021_AR_Sustainability_Report_EN,,2021-12-31,"fileName,publicationDate"
afd44f0f0b654c71517709a0d3c0c5abc1c26718bbd0421cd05c3529718a10a1,,Annual Report,,,fileName
aff3ecc0760cfaa5f71b73684606f2b6f7d28de7bd906b1f109e7e728a43e384,,Integrated Report,,,fileName
affec259f088ac030459d167c88443283fa5f58b4bf644b7f7fe90c62087f24b,,2023 SWUK Gender Pay Gap Statement.pdf,,,fileName
b00833172517904c6cf8e15899af2909a2c66b879159cc265daed9509ca329ba,,Sustainability Report,,2023-03-07,"fileName,publicationDate"
b034ecf0df496c6f54c18b5ca899915e4e8d186cfbc63f22c0d965f195df807f,,gsm24-sustainability-report-2023.pdf,,,fileName
b037bc1adb486c145a45f90b89f9ab354ad1885037613e8ecd59f8e761c49375,,Annual Report,,,fileName
b057a23c23f94c23ab83dec0f843f416a6820b4342081144cab045e3b6a799af,,Integrated Report,,2022-02-16,"fileName,publicationDate"
b0583b085b1f870d69d73d6c1368787697d7c9b4d426f686422aa4bf823806b0,,Integrated Report,,2022-04-27,"fileName,publicationDate"
b06a8b4bb918ef83be9a0c7e485ad2dc3a4498c7174f11d54d1fdc85a924cc24,,Annual Report,,,fileName
b06af5d6cec9a85a9ddb35f86f63cec6537c09bf4844e1e2bdc3c0fc7c160f89,,supplier-code-of-ethics.pdf,,,fileName
b09886e7b08434ba7762989965cc9ed3811a76dbc00555e3dfbdfb82cdebd816,,2020 Integrated annual report (1),,2020-12-31,"fileName,publicationDate"
b0f71628fd0449be6a1b11596f0e3c97c22424e3528e1435a226b223d1aa7151,,RLB_Green_Sustainibility_Bond_Report_IT_2023.pdf,,,fileName
b11fee4e3080559e5cfc6a65c5d97385dc9d4646b61e67a0afc2f11dd3a1b50f,,Integrated Report,,2021-06-16,"fileName,publicationDate"
b14e10b7840edbff618923f67b60238828419dd5f8f7fe2c4365852d4937d58f,,Integrated Report,,2022-02-21,"fileName,publicationDate"
b14e6491465226cdc6177fec9f44c6842fa5d8aad8bbae900bb8cd35d5fccfb1,,Annual Report,,1970-01-01,"fileName,publicationDate"
b163254f103c5b4e89de6e9f69c19802ca5138fe78c5bb33e9e79e243a67245e,,Annual Report,,2022-05-02,"fileName,publicationDate"
b1814befe2180fcdb71efacc09ff96816a2388c5db036d0e021f3cc53b58b322,,Annual Report,,2022-06-13,"fileName,publicationDate"
b1a21d57ce1e2db981043c43e77637a1fc132d37a461b338fdede09652325eb6,,ABB+Integrated+Report+2023.pdf,,,fileName
b1a276b2057b09619d0f11a52c789fd9168571ce80baa52ad51b2d9e51b6623c,,Annual Report,,2022-11-15,"fileName,publicationDate"
b1b88e5f933cd2d22c4a16abb53345640241846caab3b5ce224e5fda235c92d3,,hyundai-human-rights-policy-eng-2023.pdf,,,fileName
b1e516699e84bef655493284146fa2381d0b2815a61e0df1a8f93a66bf0bcd75,,ESB Finance Designated Activity Company DAC – (Ltd. by shares)/gender-pay-gap-report-2023.pdf,,,fileName
b20de0b3de0d454ab43f32518fa832edf8e9e1956b0ad82f4365253ae36bddd2,,Respect for Human Rights _ Sustainability _ Tokio Marine Holdings.pdf,,,fileName
b271dbf358d2e50bec454d2f1f770ab2658427286e9eccf86d68f252a792a305,,TAXONOMY_Non-financial-report-on-the-activities-of-PGE-Polska-Grupa-Energetyczna-S-A-and-PGE-Group-for-2022.pdf,,,fileName
b2bc81d128ae9afa87713df2a025fb41e9ea602da0ee49d1bd7d641b6eaa5398,,Annual Report,,,fileName
b2c642564b9b9f2eaa56d854dbf60a75e41a1feb6bb90e9338da81df88369638,,Integrated Report,,2022-04-27,"fileName,publicationDate"
b2ef18a01e6f295177990902644b36979678e91048ec1fb30e688f24ca209eea,,Annual Report,,2022-03-18,"fileName,publicationDate"
b300f66c12f2777784a85f0cd758b76830eabafc78a02a4ec521e2c49c90a162,,PUBLICIS GROUPE SA/PBS_ComptesConsolides2023_EN_MEL_24_02_15 (1).pdf,,,fileName
b30be874c0c2ac2722c450d388606ef16d16c18cb4ec19d5881f9bf74064aa2e,,Annual Report,,,fileName
b316faed2288485c6dc49d1adc338b3b5a576b29fc8eb46cc0ef3ad1169ce2d1,,TAXONOMY_2022-EN-nexi-nfd.pdf,,,fileName
b36c6a7a3e2cfff571fc519392cf48c70e58e36e41e79dc1c6cfd12f66756e65,,Annual Report,,,fileName
b373ad3b4e2ffc37bbd612080a714590f922820900d9db1b8bf69a3e6a3faff5,,Integrated Report,,,fileName
b39214dc47a174dcbea8f355952ff3bd80a11fb21c42afc6e9e6ac9901384844,,Annual Report,,2022-04-06,"fileName,publicationDate"
b3b53219ebec24ff1f60fe75315a31640db03c0e48a9c56649a5d7bed393dbaa,,Annual Report,,2022-06-14,"fileName,publicationDate"
b3c18c77a8c95d5ffd2505c89627cda85f42895dd61896e8c4f319d51a1ff9e1,,TAXONOMY_ING.pdf,,,fileName
b3e6e80556aa8498383a97d77e15a232773b7d2d9ec567e6ddc86c9f5d1a4f1d,,Integrated Report,,,fileName
b406eebfaae4d04cf5ba75f49a7976b73534319e8bac0b938f6fda4b45cda29a,,Integrated Report,,2022-04-01,"fileName,publicationDate"
b41bd3bf206526963df4cb9a6bbdfe9d63256cd8bc6ed719b8a895b062f1cdff,,Integrated Report,,2022-04-07,"fileName,publicationDate"
b428e282ac4091fd6376371b3c5c4bf23bf77b2d36e5871e34a274f9f5a0e353,,blackrock-2023-sasb-disclosure.pdf,,,fileName
b43db6809cb5171129517fbf66e2bbefdf8f9584b1ebe93cbb54aac8a842500e,,Annual Report,,,fileName
b440fe95e4c12356999c3f5bf7e5636c35a91fbac820b506a70e7c21681727a0,,Integrated Report,,,fileName
b444bf863ea87194dbe264b94c7bfd1b1e0dfed777ff94a3f9d9fae41898480a,,VAT Group AG/VAT-Group-Complete-Annual-Report-2023.pdf,,,fileName
b45d940749e9e0b1490cf6a73a0c51ae163885851b808cf8efa31d5149b1cb05,,Annual Report,,,fileName
b46a8c65b28cfc0d52506c07637aec27ce6b3f02d8afdcbce9ef7ebdc8ccd5e0,,Integrated Report,,2022-04-29,"fileName,publicationDate"
b46a9e3ff27b20bc2f9509f758aed695c450395cd363fe3f5c7ef586e1b82bba,,verizon_esg_hub,,,fileName
b4dba02007cbc27f666a0913daecd4c9d31fada861a99b42b111cb94aaf0be90,,TAXONOMY_Annual Report 2023 (3).pdf,,,fileName
b4dc5f9623b1b8864b96aa9d39d41651985001aa20184146c55e4540748c04d6,,Annual Report,,2021-12-13,"fileName,publicationDate"
b4dd1bfb45ea8cefac5c09e075cb3e0800e6350623647e2804f24fca417c524f,,Annual Report,,,fileName
b504001c908f1d7a26789cc1b91e16f2e3766d93c458d8024161a06b58b7381e,,Tokio Marine Group Compliance Code of Conduct _ About Us _ Tokio Marine Holdings.pdf,,,fileName
b534520c31913aa77ae9342996502110b5860df7f1a2707ef601e54fb7dbd6ec,,Annual Report,,2022-02-11,"fileName,publicationDate"
b54531d86b47d4cbfe46aff0326ae78e8ce1567b3ffbc818b061279e065529fd,,Zurich Insurance Group AG/annual-report-2023-de.pdf,,,fileName
b563a79acfeb746f828d9ac03eb610ea4e3d027e90658dc96f956817568a6148,,Annual Report,,,fileName
b5712e1a85bdfbe25522b0512bbf1872e916e9be833f14c2e2462328ffe3a60c,,PN-12-31-2023-FINAL.pdf,,,fileName
b5a0e2a0219a49f7a35d89540e96c67f1c1de256bba1083bbee2460e0663d64d,,Integrated Report,,2022-06-22,"fileName,publicationDate"
b5cfc417472fad0b8ad4f0e507e8b5089324e43ac194829a2631e95060e2933d,,Annual Report,,2022-05-31,"fileName,publicationDate"
b5d560d70a94cdc9e4fcac52b8d42f6e8aaf3b0a105e4adc6a3a52b687afaa3d,,Annual Report,,,fileName
b5fbeafc6700b4d2fd42778a7fef47fba16f48924c4faa4e9f891a1d65dd8238,,Annual Report,,2022-08-23,"fileName,publicationDate"
b60062fae29e0cb83de1420590c0a539290d9edc88cbca918fc355fdf8e3be32,,Code-of-Integrity-October-31-2023.pdf,,,fileName
b615d1f91242253b9e93ce2432b0b959f491f5ce588d899846fac6e99794543d,,Integrated Report,,2021-11-09,"fileName,publicationDate"
b624ab9b0a16ce4f6fcd858dd1fed94adb35ba9233e1c7d1b9788a0419b98546,,Annual Report,,2022-04-27,"fileName,publicationDate"
b6574432b7377ed811dd7961e6c8d0b6cbfee9f06ecf094d96094b79ed94c957,,Annual Report,,2022-04-21,"fileName,publicationDate"
b65c9ad2eda6c821c4d18dfa9c7332181b84a4ccc019c04bc6ec0662f6aa4698,,sustainability-performance-abb-csr21,,2021-12-31,"fileName,publicationDate"
b674bedcbb6c0f0bc09d68ad0e6c84f120295ba5fe2f89d9c1f1ef7f44f9fce1,,Annual Report,,2022-04-26,"fileName,publicationDate"
b6b712687a18403832f2d4e510c8887a3af21105c6d198bb66b20215e3438883,,Integrated Report,,2022-04-20,"fileName,publicationDate"
b6b9cc51e0356843244e62beb51a66e2aa2a4e4a0074ecec84b77aa41142a7f6,,Annual Report,,,fileName
b6c6673e80a1f348db295b1b1a9bc1fe553ce26e6ec5b8d93344c56d3533748d,,Sustainability Report,,,fileName
b6c9403e41836ecec69564c84bec3ad91404ff1b1146b8962c6d74a00d12d8fd,,Annual Report,,,fileName
b6eea8b0e0e77d3c73cc7bfb5314160bfd142be5c033e5fd911722ecda870977,,TAXONOMY_CASA_URD_2023_EN_Version consolidée_VBAT.pdf,,,fileName
b6f9d57759b45fbc5b7b8e1c78f74091caea9934868e1d2ab9153638b2351cf5,,MetaPlatformsInc-BQ4BKCS1HXDV9HN80Z93-2019-sustainability,,,fileName
b76aca9b394b1669b747b215535bb4c9ad665b384581787d78afcafaa200fd73,,Annual Report,,2022-04-28,"fileName,publicationDate"
b79aacec1b76860ece29e2d68c631e3d4bf9539af2b927210d9ee246869efb43,,TAXONOMY_Sans titre-6.pdf,,,fileName
b79c604edf7daa99e2f23944b9d9bca254a5f9f9a9132cea8d3d309f48607f61,,Sustainability Report,,2022-04-15,"fileName,publicationDate"
b7acf557fe047298b67cf77d8e9635d9fb091529965d73ce08b96369762b985f,,Annual Report,,,fileName
b801f8ab823c6a17ddcc4e7837f17b2f7558606ff89b15dd3067e72022fe9e07,,Sustainability Report,,2023-04-17,"fileName,publicationDate"
b8223bb20366e837b8332107ed8712b2941cf54ba9156db186b2e82762527484,,Annual Report,,,fileName
b82dbc70f72b2b490917107b1668d2ca0b7ff3b14cd06cc5628f843f252696c8,,Sustainability Report,,,fileName
b82ff99c7da3bf9734edd6d5b843119d35659a93429b8f82b90fc850e36638c4,,{ecce5b85-5447-4529-aad2-6677ee089f33}_Firmenich_AR_2020_Final,,2020-06-30,"fileName,publicationDate"
b830539fe15c44dcbfedb443bc5f2a37971cc62cbdd820f3cca07ceef249e803,ar2024_en.pdf,,,2024-08-21,publicationDate
b8a55b12595077b706815ba2ddf39145fd61235b3d30c7b6b08b9168f07b98b2,,CTS Eventim AG & Co. KGaA/Compliance.pdf,,,fileName
b8ccb5109eaaa40bb517fa71d9e10ef250baa9f8dd316acd8fc06950f86322ec,,EIB_Annual Report_2023,,2024-03-21,"fileName,publicationDate"
b8cefab3ac33030177c36eed7484823e7c6f01fa0d5aa4c6f82058a8e5d32ade,,Annual Report,,2021-10-27,"fileName,publicationDate"
b8f7069d99251dcc72190fff59a5d8a34a31c32075df50bc55ab795cf53372d1,Global environmental policy.pdf,,,2024-05-14,publicationDate
b92cd0e090a5aff7915ff1e4dddb5f540abb3bbd4a3c351258d2a4e6d3936c0d,,Annual Report,,,fileName
b95a149e0dffbcb441df76680190c53c078e5f21228d5b31004ebd885ac6729c,,Annual Report,,2022-05-05,"fileName,publicationDate"
b95ef947a50ea5058500852777f6830150628e15f222d315b909ca1c9a5ecbfb,,Annual Report,,,fileName
b99351852b1564f8169867dae013605edd5d6d1e505f4475a9d64fd0b280a97d,,Integrated Report,,,fileName
b9c62be1ab5a072eb15021496147fa54d0d765efca3deb3fb914ee899f49e9cf,,fastned-2023-annual-report.pdf,,,fileName
b9db04b8f000dfd0c9556a32f5209c0259f80399afa76cdc8dd668ba40b4c522,,789000J89ENT8KY4H586-2023-humanrights.pdf,,,fileName
b9f07afcba79d49c4751af824cd5775fd91d963916adb8f1a5e2ee1555088529,,RTE RESEAU DE TRANSPORT D ELECTRICITE,,2025-04-17,"fileName,publicationDate"
ba0a0c3ba33daf7b2e3ea927fdb2bd09a75f30bad94902c6dff0dd21e9538a6a,Global_Policy_on_Human_Rights_EN_v.1_16_Sept_2022.pdf,,,2022-09-17,publicationDate
ba4e5984fdca318ae6698d4f38c8e0c6654b17b0a7fc6ed37ce187e90ad457aa,,2023-Annual-Report.pdf,,,fileName
ba5fc22b04e48effdc5ae51dba5a328c604f6fa8d62be513b0e79dff30d8ba9d,,NWB_Bank_Annual_Report_2023.pdf,,,fileName
baa006d2251673362a1695d56d349b83fcf752e70c62c6dc7cbdd0e700abce52,,330011_ZoomVideo_2023_10K_v1_PROOF_Rev1_LJ.pdf,,,fileName
baa51adabe65f15c2a1eea8cf05342eedc66025bb1929854fff7b76dad38a3aa,,Sustainability Report,,2022-05-02,"fileName,publicationDate"
bab5238d4827dec4bf0b233d2da6798976066ff9006ab8788610a55195034a8e,,Annual Report,,2022-05-24,"fileName,publicationDate"
bae5c40810e7cdb7c86c313b4bba6378c06e988589e8db8367549f56360b5132,,Annual Report,,2022-06-06,"fileName,publicationDate"
bb20fd8ebb3ce7ce2c6b7b51c95c56422e8a942b13da0c1693d9de37c208171e,,Annual Report,,,fileName
bb4d02a3316455a6efdd55f95b6d3b487358c3ba73746418ed4c46c9b8988d66,,Integrated Report,,2022-05-02,"fileName,publicationDate"
bb891bc98a8870ce712ff8ae5158bc96ea1aa15ffd1b4e2792f4e187618b1833,Code-of-Conduct-Updated.pdf,,,2020-11-07,publicationDate
bb921a20b73f9a437ae7e45c6524d9d1145a1f3cdcd38f686acc5634d25a031b,,Annual Report,,2022-03-29,"fileName,publicationDate"
bb96a4331f3de004dbfe675929c041315fe6721ff0a76992675f7da9e929dd2c,,uk-gender-pay-gap-report-2022,,2022-06-30,"fileName,publicationDate"
bbb8bd2c2d54b9be1e57968e0dbd6a170dd9154a7fdb2083785e0190ec2ee43e,,AXP_2022-2023_ESG_Report.pdf,,,fileName
bc0943e9c8487437bf7f91c4b9e9153d9d3923a8a51499d3abfbf40fd3f082e7,,Integrated Report,,2022-05-09,"fileName,publicationDate"
bc1406b1eaf08e765ca27c544747dabb7a20afc1f0d9c9e727bbe1712585ecf2,,Annual Report,,,fileName
bc486c1be1144b3094d6b0a7dd2a563333686104b504beac6b72ea9eaf518a38,Sustainability Report,,,2023-03-23,publicationDate
bc4ce1e944dc2378df102a90b4013d8578f30e33efb7beff0a5d178cf5fe3ad4,,Annual Report,,2022-03-30,"fileName,publicationDate"
bc4ce2f715d74edf9309494b52a80b20b8e26c49d94ed1cd8191f294913a4e8c,,Annual Report,,2022-01-30,"fileName,publicationDate"
bc5d22a3bdcae80f4c1e6a38809dd7d14584d4975a4ed00beea86488cfc7ef92,,Annual Report,,,fileName
bc63123d271aea21fecb8400263c9f29c4ea1c1ecb4d5956e58328efa1387346,,Integrated Report,,,fileName
bc6deac89da96e533c9a313199983925ff1d8b4726356329d5a3e3817e0e6b9a,,Sustainability Report,,,fileName
bc79e1b3462bb59e081d3c26f9a25a5baa6491a286d1b437f67d50fb8dd1cfdf,,BLK_AR23.pdf,,,fileName
bc935367df4cc3488594d66296fe8430a5e26561025d9d3f04624510ce056f87,ke-code-of-conduct.pdf,,,2023-10-12,publicationDate
bcbd2c81be2e392c20031708a43d4540e3cd2990943ef685b6468bfb3c7ca914,,hmc-2023-sustainability-report-en-v6.pdf,,,fileName
bd2a75a6157caec19e154e8a7ebc72a8f217d9de44c653e3ccb1afb78273ed14,,Annual Report,,,fileName
bd3f080d45848473f45b6faf0cfb21b74e3344fdc042e6d0db0fd7fd99f4fac8,,Annual Report,,1970-01-01,"fileName,publicationDate"
bd44d3476572c8c8e6ac2635df3f8702ecc3b7587dc823d89fe6b667fa167775,,"Social Responsibility, Sustainability & ESG Reporting.pdf",,,fileName
bd5f17d60ff82b490ce4be3e8bc0c54757a1f68446eb966461c4039783a98c87,,global_human_rights_policy.pdf,,,fileName
bd624e1818df81de1ca1450097f63f946e6a09e5a42bdd6a2f6b233aa19280fd,,Annual Report,,,fileName
bd69c0d7b4a101fe6e2bcb781ee284e2e0e91a14ca43e4da5538c2897cdc1863,,Annual Report,,2022-05-25,"fileName,publicationDate"
bd8c9c5947295594635d62ac088b59f68841e5e9cfb8b2fa110e046ef403a3b0,,Annual Report,,2022-05-30,"fileName,publicationDate"
bdabd7bd4d77df4ef7e0c710d21bcf62fbe2f7596a9b0449573042c5c9ef5310,,WPPFinance-54930075XV07BV32MP65-2023-Sustainability,,,fileName
bdc8f3ee5696d7d464ef4e924ead0d1201bcd4348bce536dbb16a228643e6c21,,Annual Report,,2022-04-29,"fileName,publicationDate"
be02b44aee2a98354f703f42d306e75718c3f6c02bdedcb7904ac43d9cb56f6b,,berry-gender-pay-gap-2023.pdf,,,fileName
be3f67a24b90ae4daf87131870cd95106aafb5429d68eb5bcf3cec29da86df38,,Sustainability Report,,,fileName
be5f1aed98b039aa3d8018381db1d7dfca29ebb9dcf43e33b38c81264e5a9f38,,2022-2023-en-edenred-integrated-report.pdf,,,fileName
be71973d08e7cfc1a18bf55df2ccb11a50bf1be06f54bfe212fbd27d1cea7388,,TAXONOMY_Bouygues_DEU_2024_VA.pdf,,,fileName
be79efcf781153eed6b114663eba5b9ff191f3b7b3b3087690e920900703825c,,Slavery and human trafficking statement.pdf,,,fileName
beae5e59d9348dd5fa643516253fac74123104206248fe2dfcf8576fa9330cce,,2023-annual-financial-report-rif.pdf,,,fileName
becd3bd49a78d6a14a787147fb5ce6127aca5969ab77b4ab8d55d2d82a95999e,,Annual Report,,2022-04-29,"fileName,publicationDate"
beeb4a1a658701407d7a8a903802854988c89425cca46408c01b6daaa8459b06,,The Swatch Group AG/swatchgroup_2023_de.pdf,,,fileName
bef06a0b9ad2c62041ca76ef7c58de77edca8730a77375b01bd2c7a66d90e6e1,,proxy statement.pdf,,,fileName
bef912e0e0d721efe67a6dc9f8f29a539cbb9a762a98ae977d2d44427bf91f0e,,ANDRITZ Nicht-finanzieller Bericht 2025,,2025-12-31,"fileName,publicationDate"
befd7a4acbd98192cb760f8cf12205d1e524da946a88691a553933782ec9e628,,Annual_Report_2025,,,fileName
befda9d4116cec1a8327f489d04b02210a58e402af9ae9cc998291096c30c130,health-and-safety-policy-2020.pdf,,,2024-09-26,publicationDate
bf116def84a38eea93fe527c85e6cc55f97a787c3420803c68bbbdd6a8a26220,,Annual Report,,2022-05-17,"fileName,publicationDate"
bf1754fd501cfcc1756d08c8774713cd3c2883bfbf547753fb73b4b3dd3b23b8,,Annual Report,,2022-04-26,"fileName,publicationDate"
bf4882e4be98f917e7d786276351819d3c167b3820316edc65d877c78321b0a3,Annual Report,,,2023-04-26,publicationDate
bf5d5db570c11d1719dc1702baff6ee48fb3c22244828c93b3935df0a47bfcb7,,gb23-en-verguetungsbericht-2023.pdf,,,fileName
bf639911e6b3cd32feadce3185c5f5310fc22e6b9d2e810b3ef05b3075044b01,,Integrated Report,,,fileName
bf7660413d47750dae973217c949c572271fdeda38cc43f9bd214d515c880f3f,,Annual Report,,2022-05-12,"fileName,publicationDate"
bf84aa6a6637effe9705f71ba5becd7d488877a72cb8fad42c66840cb2d4e788,,Integrated Report,,2022-03-29,"fileName,publicationDate"
bfc86ef668c40f4268310c155932fd5928f511e79658c3436c05b9f34c12f17f,,Annual Report,,2022-01-24,"fileName,publicationDate"
bfde4e76ce0d65d54ebb2f911b34cd13a5e869737915c44fa58a5818e44f58a8,,Annual Report,,,fileName
c0158ee1a519f02c3599e2bba2c38788cb75bf097a17bfbd40c375b584e63328,,Annual Report,,1970-01-01,"fileName,publicationDate"
c01ab75cd35096a0a3a40b941d6165811f774b09f8b5bc7b09e3af991e0b0018,,Integrated Report,,,fileName
c01eb940b8e9cbc7d359c566091cf2e3f9e188c4acee0137125bd3b50093ed3b,,Integrated Report,,2022-05-30,"fileName,publicationDate"
c02b2b839670280fc281785f6ea4f826e4754ff4c1caaea92c953ed7ea48b922,,254_annual-report-2020,,2020-06-30,"fileName,publicationDate"
c0745dc36f7a73916b22db41a679f2537868728a0ce8a878ef9dfe133303a2e5,,Annual Report,,,fileName
c078ca91b15f2408f6a3e4cd39f91963ac2abf967afe270311337db17cc84dc4,,Annual Report,,2021-10-29,"fileName,publicationDate"
c0ede65f903b7cf0e0a5369ef3a616199da7fb750b13e819a1caa05fc50c3d38,,Integrated Report,,2022-04-07,"fileName,publicationDate"
c10438c95138b2a786cfeb454abc411b3efc730d123337aa8045203acf93d1b9,Pernod-Ricard-Global-Human-Rights-Policy.pdf,,,2019-09-19,publicationDate
c1066cacdb4fd4be5620c9a61d6dd936ccf5d92290bba16d0804b6d4de7f7c50,Merck_Human_Rights_Policy,,,2023-10-24,publicationDate
c111c6c33db5ba38e6fe455d70dc20fae4c4265155a7b1794e921e8898fd46d5,,Annual Report,,,fileName
c16af7150436dbb0fa5bdfcf0e77400d8b9170ea8a6773c30eb2ffe282639c46,,saf-holland_se_annual_report_2023_en.pdf,,,fileName
c1a0400bdd9ca4e10c7aa9f476414d250312032208e75dbad66373c4c2bd6f1e,,Annual Report,,2022-04-01,"fileName,publicationDate"
c1a9a847a67b32fc1bce671ae2590e5e0a085c964c0c507a2500fc9713850cd8,,Annual Report,,,fileName
c1ba3dd0f3b3ebc3647b5f3cd36fea0ea9f718bf2dc8e3636900e3426d694a45,,Annual Report,,,fileName
c1bbb14ab1e7826990a45019d97677f0caca44cdc349a50e3eaad2caaa948ca2,,Annual Report,,2022-05-12,"fileName,publicationDate"
c262dd8cc36823216cd61243f9ce6433647babfe6f28edee55c6ff95317db2ee,,Anti+Modern+Slavery+Statement+20231030.pdf,,,fileName
c273a2017bb599a0969a1fd2868c57f33da79d50dcf2c2139ab6eb1e060ca01d,,Sustainability Report,,2023-03-10,"fileName,publicationDate"
c27dc1a068aeb56fb41cb78719f1078e8311252e204e381551464362380cccc6,,Annual Report,,2022-05-30,"fileName,publicationDate"
c29e150558c721272e4e9d30df4298a6d12417c8314690aba29ce3b2a314f6e0,,Annual Report,,,fileName
c2c4ce429a711ab506ba6921c1bfefb0e26094933b9d375b9c399bcf03b19017,,Annual Report,,1970-01-01,"fileName,publicationDate"
c2cb7323bcd6bdedef8868ed6ac73ae6359fa815a8e9c08a95eb15df90500a31,,TAXONOMY_Borealis-Combined-Annual-Report-2023_Group_EN.pdf,,,fileName
c30be752eefdf9219b57f2b7b4a5637994bd0c1c63413a53e7c749f2d68c341a,,Integrated Report,,2022-03-23,"fileName,publicationDate"
c31be3334ff19019edaa3428ab0ffc18857b19a2b2d8a0b72d82a991b21dae95,Annual Report,,,2023-03-08,publicationDate
c3264353f994279d0b4f42af7cfef38e0fce00e1e4af77849aa152a964f410f7,,PGE_CSR_2023.pdf,,,fileName
c34f562a2dc6536aab753e0aa71da89b0cb64628a4c7217bf77bf8e300624b71,,Integrated Report,,,fileName
c38807e078a35788093dfb0437c995e574c90d53593e3d9f6dad7ef634f3a934,,Aflac Incorporated - Governance - Governance Documents - Code of Conduct.pdf,,,fileName
c39567cdda081aa18cfd212c088eac4dc8608f71fea4ffc2479a2ce6b3b5c01a,,global-whistleblowing-policy-2022.pdf,,,fileName
c40010564d7a4030816d7ca7fd81f203dbf1876b7678635acbe78f4d9ec3a96a,,Annual Report,,2022-05-02,"fileName,publicationDate"
c45f4528b8de1876b08cd6507a31d2763116d11b79e69288cca6d326765e5a69,,Integrated Report,,,fileName
c4701c09494e500aab9fd7faa5758b991b8a854631172e2b7a7a8cbab8296180,,2024-proxy-statement.pdf,,,fileName
c48949eaedf09840f86c2e85b80cb9b2e82cc21e8e12e93a12442093ca309d47,Living-Our-Values-Protecting-What-Matters.pdf,,,2021-01-27,publicationDate
c493cc694c5f107e83c116404fa0ea85545d92cf5bddf48ee4ec5192f726ffdb,,2021_Meyer_Burger_Annual_Report (1),,2021-12-31,"fileName,publicationDate"
c4aa070f062ac0dbdb90fb86a78d6411b0c86c7d1083697f03f2b99ed1f10ab0,,APA INFRASTRUCTURE LIMITED/apa-code-of-conduct.pdf,,,fileName
c4ba0e837280dc7cc5de478a36cfe0c9f2314c0d9557e1d7a98a69b342508c97,,reckitt-annual-report-2020-1,,2020-12-31,"fileName,publicationDate"
c4d84ce98922af4f2255d654f0c28bcb899c8bbfee4ac56a4bff613930dccd03,,csr_governance_detail_pdf_01.pdf,,,fileName
c50c43c61c15d8d95c2a67db535e5b75ccdab0f8097d06a4744bc356db2f6c72,,Annual Report,,2022-07-14,"fileName,publicationDate"
c51e3a427dbfba6dd04f0c45dd49708b4fc1dabcf91674a78dca6ebaab8c4e58,,Annual Report,,2022-04-02,"fileName,publicationDate"
c549e3f4a7450a4c92982b92168b366d3886809c99c85ab1fcd75df7d77c8e7a,,Annual Report,,,fileName
c54f6fab6ab48ee94e3d322384aef75732843b9e6bfaf8039c653cc2cc49ddbc,,Annual Report,,,fileName
c569bae106af8d588f89654712010e2c2b808ac480deb24f5e9e2ab08adfba28,,Annual Report,,,fileName
c58c7ed7ff83763dea3effb2bbedd1fe2e3b6c094a68f8459bc63872b41cfaf9,,Annual Report,,2022-06-20,"fileName,publicationDate"
c5d4e47b9c73ac4f7071e7902cf5ed3112dab9a2fd9117e519746c8c4ceb0edb,,Annual Report,,,fileName
c6066d999efb6345947263b522d5abeab6f0815e8cb659a1cd7a430ea0fda057,,Annual Report,,,fileName
c60a5675e370005c470f32a7a788dea335597ec54c776edee10b327b830963c6,,FedEx_2023_ESG_Report.pdf,,,fileName
c6225f872da3a267ee119f4176028300f2f8d41b43de47b45cd04f762447edfc,,Annual Report,,2022-05-09,"fileName,publicationDate"
c6515fa363caf38b8bca2c9b77d86a397c5e99b8bfd2e703b0c651ea13e36d5c,,Integrated Report,,,fileName
c6deb0df9a6796680ce792884e05fbf3892416efea2dbb091267bc333f7f48d2,,VALEO_2020_URD_EN,,2020-12-31,"fileName,publicationDate"
c6fdc77a6beb7e60f4bdc439e734ae41f28c84f36a3747fcdc1747e9303607da,,Annual Report,,1970-01-01,"fileName,publicationDate"
c6ff671d5ee6cd273fa5006108657807e942d44dfdeef7fca06165da4aa8bc33,,Annual Report,,,fileName
c72792fb5b7dc8b7cf9583d71fe03332b7f3784bed14de3f731f2b98b9f8c474,,Annual Report,,,fileName
c72bf47d9e842df3fcf41b6cf7b471ceb695a516f31540a88efe968ec018eab2,,Integrated Report,,,fileName
c72faa501f5fd3259057df73624b2f99f2eac3533ee3b87ce0df0472f0f3e66d,,Annual Report,,2019-04-30,"fileName,publicationDate"
c75df4b8dd82a4ed6afe300c944731d683eb286d8494bf46642f6ebfc8d2e2ac,,Inter-American-Development-Bank-Annual-Report-2023-Financial-Statements.pdf,,,fileName
c761f2062387bbc5a142697e563dec4ea764e407bc09f6ba70ee66f953fdaef0,,Fluvius System Operator/fluvius-system-operator-annual-report-2023.pdf,,2024-03-28,"fileName,publicationDate"
c7815f6d1ed3139016891863acf9ce74248d78418737c9d447835f2e77d998e7,,Annual Report,,2022-04-10,"fileName,publicationDate"
c7e4b05aac89692fdb76fc847994afe44f96768b25afe9ec6ef001a4828a6f50,,Annual Report,,2021-11-05,"fileName,publicationDate"
c7fa246349ce0dbe2957d25bf8dd1bde2a71002752a8a60f05ba1c430d7e4692,,fy2022-annual-report-stada.pdf,,,fileName
c7fe5686b406b55e012bb6b3aa3244bcc1641b2725e3cbc9e41f28f7b829e2dc,,Annual Report,,,fileName
c8039c2f555638b2f2707d3cb5adac98551b905331a5c1314ad9ea27c09abd51,,Annual Report,,,fileName
c8657e881fcc061ec3165d42aa97a5bffb738164a3f20135ec6345bda8118dcc,,27-Whistleblowerpolitik-okt23.pdf,,,fileName
c8870bde9858c973d853fbdb72f1ef02e9451fec8d975d285d2b138d9e5db6c3,sustainability-in-supply-chain-brochure-en-pdf_Original%20file.pdf,,,2023-08-31,publicationDate
c8a752be020f12fa55033f25812498c61f324c401177b5af25c4fbcba28aa2db,,eaton-ethics-guide-english.pdf,,,fileName
c8eec4b4d17e051036f3d3990f9adc751bcb39077ad92099e028a8b2298cc90e,,mps-esg-2023_report-4.pdf,,,fileName
c90189d2e5cc1d80424031c099aa512e0e09299d39f79496df127214f50f6633,,nordea-modern-slavery-and-human-trafficking-statement.pdf,,,fileName
c90460e0cd58cbce3fe37924d30a9ccc275fa02c8b95f426dade9b3115f36479,,Annual Report,,1970-01-01,"fileName,publicationDate"
c910fcf4af61bae6221b83fb5002e3d864617d0d77d7d90db26d23e459b9aefd,Human_Rights_Policy,,,2022-11-29,publicationDate
c93a1b1346822a4a3bc0ba7b07d923fba1a332cfac846992e7860e83d2ce19dc,,Integrated Report,,,fileName
c953056e9f0c955ea9373433c09a8d6a1b28648314328caa054dc98044c946ef,,Annual Report,,,fileName
c9a1ee22b503c3b5e3490b4213341178999e8288dca49c433c6496d1cc9c8b9e,,Annual Report,,2022-04-12,"fileName,publicationDate"
c9c451aecec283e9eb02b16384ade2efc2816cf140d876496b8234e830c8c208,,VALUE+REPORT2024e_all.pdf,,,fileName
c9f2e1d292dbb60216819f19997b1e42b2b6c9beb21d08b6b3792c8d1e597cd4,regeneron-position-statement-on-human-rights-clean.pdf,,,2023-06-30,publicationDate
c9fdb1e090329c7506a42b1f4ddc61fd5b2c274a0fa0226fef0d84d6bab8388d,,Modern Slavery Statement FY 2023 (1).pdf,,,fileName
ca03239d239b5a45510dec979b4cab10d5b8748ed788af5994b08ef3bf25da15,Code_Of_Conduct,,,2023-09-29,publicationDate
ca134b29cad14fe1f89d7344b0b1cfaf90a4831ec960679b75e417b4ea4099fe,,SOD2022-RSE-EN-DP.pdf,,,fileName
ca287811694fd60694ad8cc4c25e1c6c9778b723c752ff68bc33bfe4635889a4,,TAXONOMY_Bayer Annual Report 2022.pdf,,,fileName
ca6594910f9cfadd632251738ab7131020e558d35b4f103453972c069dbc651b,,Annual Report,,2021-12-07,"fileName,publicationDate"
ca680bffbaa368d99b17e4cf1bedae58ec60ed8aaacb5a4497a62dd608bd396c,,Landesbank Baden-Württemberg/lbbw-statement-human-rights-and-environment-202310_agw3frh7n3_m.pdf,,,fileName
ca6f664d5863082fcb41afb83bf26d572d2e7c85cdc35aec9f35e8b5417e7052,,Integrated Report,,2022-03-22,"fileName,publicationDate"
caafd3bcaaca862a96df7412550667e6b93b60408828730d845ceffc968d94c5,,Annual Report,,2021-08-18,"fileName,publicationDate"
cab20433e388d124bd1db5742cfcbabb8b9ad92abe20f173cbfb6848fa52c7e3,,esb-group-policy---environment-and-sustainability.pdf,,,fileName
cabfe6a185c9c4bafb07860173d1c0349933dd39cd653581177d669211296ffd,,Annual Report,,,fileName
cac86d35564ad0537df82a004723483487b74f05c9aab1254bcb4da3eb072a35,,2023-general-dynamics-annual-report-form-ars-_final-pdf.pdf,,,fileName
cae724f3041f776bb45beba29ac38c5522e2ef901f0c1621e6019ab9527cc910,,Integrated Report,,2022-04-06,"fileName,publicationDate"
cc026203300157ff317d1610f5fea751058d82f0daef602dfadcd3594396991a,,Integrated Report,,,fileName
cc194a8d10698280d2a8e14896dd91d65c515e27af54a3605306ba8645c37bab,,Annual Report,,,fileName
cc255bd53152d5bf98a726e74cb898f9b9d38668c6037b7987122763fb99875c,,Integrated Report,,2022-04-14,"fileName,publicationDate"
cc3917f2dd623fb03e53a5a31e9e11526152882e7ad018b7631d13cc74f40066,,Sustainability Report,,,fileName
cc7f0ab84f98a4c177f01714d32e7c666d6b6ed4a805014e8520dc52779d8395,,DO & CO Aktiengesellschaft AFR2324.pdf,,,fileName
cca5015dc7a72bca7432a7fe949816c9a535763ae8527e58719dde9d1426a649,,Integrated Report,,,fileName
cd036689f93e55ebf778071aef31a15244528610581bfd696cc2d4700b1997c3,,tcfd-report-2023-blkinc.pdf,,,fileName
cd13a0d88c5e29d48174bcef71599f1baff1f2a4e2aea2f0fb051f25483c447d,,Caterpillar _ Human Rights Policy and Resources.pdf,,,fileName
cd1aa373cdff324146d109d80d393ae4edb07009be6ed0f760c5171fc0af8602,,Corporate Governance _ Governance _ Sustainability _ Who we are _ DENSO Global Website.pdf,,,fileName
cd3b384e14227cb6d5ad1a060b70de30f625da4fce19874244eb2f286a760eab,,Corporate Governance Report 20240705.pdf,,,fileName
cd40ded491e233be5b57e8d1d257fb2c39f11823269afb428bb05812a3b00c87,,Datadog Annual Report 2023 (As filed 04-19-2024).pdf,,,fileName
cd4ad1a85e620cc559ff985305c8193a57d887a9141ec6f7e0d90729e6eee5c8,,Annual Report,,,fileName
cd54c1db3c0573ab789982b1c2ee858f354a93a741e39f3afd0d32bc55459f80,,ALSTOM/20240508_Alstom_FY_ 2023_24_Annual_Results_Consolidated_Accounts_EN.pdf,,,fileName
cd562968ccdf9138ebe14879fdc2ff6ac6f57468db6f523427d196097314d37f,,ISEINFF-2022_ENG.pdf,,,fileName
cd66e2e3b2ba9de9eb6b29e8fd0cdd5112ed9ef132fdeeb19b00f250f5b8b713,,Annual Report,,,fileName
cd75f637fabedd591eb250af4fd670c975d8b61d1eea81af4d5ccbc540090d53,,MBG_DE0007100000_Sustainability-Report_2022-12-31,,2022-12-31,"fileName,publicationDate"
cd784109cf3f2cab4ca7f9c3520d95af041b9494b83a9a968b67bd8783df9bb4,,Annual Report,,2022-04-29,"fileName,publicationDate"
cdc50af423bd7b3a92883173719c2d748acbbce55bc235ab09f0af3a41582004,Vertex-Code-of-Conduct.pdf,,,2024-04-22,publicationDate
cdd36d9635fc660e83d6a03421a3af352f9a1ed4918f09d1ac093cf8084f7c60,2024_Repsol_Group_Annual_Financial_Report,,,2025-02-20,publicationDate
cdeccbf81c779157c4faf91c90fc569497f9dba5e1087fa3bb19c63c414e3b72,,monolithic_power_systems_2023-10-k.pdf,,,fileName
ce15f5fed7bd107a19d2894ee6fc545510de91916d3a16184d084958a6547529,,Annual Report,,,fileName
ce3a95f01eaa63bb1c0be3e95e5dd76d6fe23e0aba0c5a498376160a1de29896,,Sustainability Report,,2022-03-30,"fileName,publicationDate"
ce40b3d9cd281faa1a91adde8ef8310a49d22abbb6592ff63269c58bd51176bd,,Integrated Report,,2022-04-15,"fileName,publicationDate"
ce5e6f23ab8f9883457c24f1f071c971f75b44b21536e2694a53519f8169d47e,,Integrated Report,,,fileName
ce71666540ea6813332a8b57085b5237ecb0cfb92f0ff9cb4d0425377fb66699,,32-Antibestikkelses-og-antikorruptionspolitik-okt23.pdf,,,fileName
ce7981509ee1fcf6722678bfd5d5c074335108120da4e86a7e9a5c88ec8b1e71,,Annual Report,,,fileName
cea6d18cb5a78447cb2b94236572d3a2416686562ae094b31b195c690a146269,,Integrated Report,,,fileName
ceba43394dae0490cc5da969b2982aebc5459ecb993dc26da6449d5eedc486ec,,expeditorssustainabilityreport2023.pdf,,,fileName
cec75603c9e1dd4c2d7f0c86d0e0d49f12551864a69ba58722aad0edf61c7bf8,,Annual Report,,2022-03-24,"fileName,publicationDate"
cf01bddf71d1c41d7202c9b919e8a2ea31992a141dcfa51f8345a89aa9b748f1,,Annual Report,,2022-04-30,"fileName,publicationDate"
cf3a2bb70f6157dec72235b2ccbc23499e05b08b4a036ca7cfe36aa6b57bb96d,,Annual Report,,2022-04-29,"fileName,publicationDate"
cf63ed62a4b53be3b839aaa0d054c8f27597456e3a22710d4a44e226bfe9e9cd,,Annual Report,,,fileName
cf73cad7e8ae8530d7532d6309a608a8efb2e3fd600f8f9b6cfc68ad63ce2f9d,,Annual Report,,1970-01-01,"fileName,publicationDate"
cf908e4feb2ae373d3adbb394ff6ba46ec6a8867afb833a8ffc90bb8aff9f5f3,,TAXONOMY_Sparkasse Rotenburg Osterholz.pdf,,,fileName
cfb216be476e678a347a722eb05fd3c63078d79e7bd1048d8d4d0a30f0b2ee03,,Integrated Report,,,fileName
cfdf0c314ec9d9cebff3b35af76afadae7f45213f78ab2bab6ee4bdf4ee9d141,,Annual Report,,,fileName
cff5f910465d40571608695f8b7dddebc29b68ae34278626d1a9191b3e4c21f1,,Annual Report,,,fileName
d00e985b22f813292a536ce5a01d6f8abd688558f89e9fa6b32826b42ac41109,,Annual Report,,,fileName
d0117ffc39036bc7b965ba1d5cf8038ad3c3f47cd92304dcd41c36a24a5ea7f8,,Human-Rights-Policy.pdf,,,fileName
d01fbc99fb06ceff038598cb520e33ee4951e44c566c23d86f76d0cb4741dd6a,standards-for-suppliers-english.pdf,,,2024-02-01,publicationDate
d081e89e93dc474e2ba8e59a4fcbf45ba6ce4bfc60994fb908b0623742040140,,Sustainability Report,,,fileName
d0b57a2f528a73957753fd80931f506ddad54be6a4c7a602b2ab9da1ded32433,,Annual Report,,,fileName
d10a6a851e27de49cbe79ac101b704df7a6a3b469622da3f5b0c44b711e88f92,,Modern Slavery and Human Trafficking Statement 2024.pdf,,,fileName
d121c13d3c6c393efea3eb42c68afa475acc1bb3515f33679953033d6fb73d84,,Annual Report,,2022-05-09,"fileName,publicationDate"
d12c04cbe8a313ee61559475d57264669ccf2ebeb51a96b2c7c63a2c38b3d7ab,,brenntag_nfb-2023_de.pdf,,,fileName
d14aa7ede870bca23d905042619d795012ac0720fce2b20a46556390a41e6f84,,Annual Report,,,fileName
d1702cd32a23df0a7fa7859a51b50afda8e4a724cf29df756efe1498749315b2,Annual Report,,,2023-03-27,publicationDate
d1ae53a71a33417aeb2b99eadb11e9b942db7359e3ede9954371adb072198847,,fastned-supplier-code-of-conduct.pdf,,,fileName
d1bf1d9e14e0ce89fce9671e734336f01e00374e3ad9c550c0af514209186096,,Annual Report,,2022-04-06,"fileName,publicationDate"
d1df5661b50aee71e9595a744f0340bae600a41c33cb72b25ce1bfd6b7cc8cce,,GENERAL MOTORS FINANCIAL COMPANY INC./2021 Corporate Human Rights Benchmark Disclosure.pdf,,,fileName
d1dfdcca4d24d24eb84ee8bbcb2b6e4bc36f59b3b9dc41ff036787b8c07dd8af,,Annual Report,,,fileName
d206dcb68c7699467fc5a17961bb960250b37b3a75d17844a29cfd85a69bd5d4,responsible-sourcing-policy.pdf,,,2023-05-23,publicationDate
d223704174e58c60be2f4b8c3206b92860a44b753490e7162f89be50cd9ec05c,,Sustainability Report,,2022-04-08,"fileName,publicationDate"
d22ddd82fff81768dcdda1a6f47c6e8939e4ff4252786c4694a3b7ffea974797,,Whistleblower_System_2024,,2024-02-28,"fileName,publicationDate"
d258be06f6b0bf3ae654d9facd63b82c3a0c9aa0fbb8d124012a0de2b8ba49f6,,Whistleblower Protection - General Mills.pdf,,,fileName
d269328629d174b9568a335c3c56998a0a5bfb9bd71a84b317b96d234b9aff6a,,Politica-Diversidade-e-Igualdade-de-Oportunidades_en.pdf,,,fileName
d26d5ab9485d854891bd8dd99a325d7cf85968b02cda7b80c5badc42470bb851,,general-mills-global-responsibility-2024.pdf,,,fileName
d2879e87441224288e89f1493c458e4a54adc6078a5f6cf1ce8a6bd405e9c769,,Integrated Report,,,fileName
d2c20d776126466ac8f070f0699e1b1ee337bf5e4229ea198a8ddc993e43084a,,Annual Report,,2021-05-10,"fileName,publicationDate"
d2df766231af3051adfbfc6085b0e20d36c28cec371f2ac1ae8e2ae9e0a9861f,,Annual Report,,,fileName
d31781e2b82330d7c091783b86d13de04a4c9f0b6fd99f5756976e3f8f297ba6,,Annual Report,,2022-04-04,"fileName,publicationDate"
d3322336ec35031673cebd53ee9b43ada46d43db5364ae949f0cb359f58f6fe4,,Annual Report,,2022-04-27,"fileName,publicationDate"
d33b861b3547edeb98b184fe1bf27f87190be0de3246dd054b81c3cef1d32c01,,Annual Report,,,fileName
d352f43c4fa35d59f9d4f50b91806377f51a4432c7e259d44f770d4a77c9970f,,38_Tax-Risk-Management-Policy.pdf,,,fileName
d3666200f7f188958dea4cab03cf95e6464595cb4c37bb00062bbb6f4281119a,,TAXONOMY_BMW-Group-Report-2023-en.pdf,,,fileName
d3717a4cc24e9bc7ff0f25e0ab6181cccef3f31b87c9940cec3005833e36e30f,,Annual Report,,2022-04-27,"fileName,publicationDate"
d38e4aabfe9bb913dedc611e1161d15029678412b572b8dc98e94beea1c7c292,,Southern_Company_Data_Download.pdf,,,fileName
d3b73921b5613d2ccf92be76f86f2cde6b35798c6dd5f1bbae7e28a30b40d847,,Webpage-2022_2023,,,fileName
d3b9e20c241a55ffa53fc0fbd4e82386772276503adb236d66d41ca145c85f3c,,Annual Report,,2022-06-07,"fileName,publicationDate"
d3d656fa58e90e0f2648a2cced25ae6294964e1c98ff67eb90e72aa76e78eb33,,Sustainability Report,,,fileName
d3f2442502f438491e2a94f5744ca1b5e1be71f6910d81f474c31fd8820f70e7,,Annual Report,,2022-05-04,"fileName,publicationDate"
d411b5c16636b2f6698256a4fd53158f885690c0530539da1249b3ea82f2e01a,,Annual Report,,,fileName
d46a8b8e0d6ac1ffc7e6ec5cd9194d8ad06c268336c836269b92d67b6f860352,,Sustainability Report,,,fileName
d4a1b83cdbc86153aff9154b61446aa2bfded1c5a6408ca4c91a7bb3ee90302e,,Annual Report,,2022-04-12,"fileName,publicationDate"
d4bf798d5cc23bbb6fad7f7cbe557042778ad2826dfd9b95dd5ae074999aafb5,,Annual Report,,1970-01-01,"fileName,publicationDate"
d5174bc2325f6e36cb6aa12da74ec3663b31e165dae9c4091e544842ad894105,,Annual Report,,2022-05-26,"fileName,publicationDate"
d572fa4924ef233620cf7f5259e28a3dcbacc39c34fa595214cb0e0c97593dba,,Annual Report,,2022-05-01,"fileName,publicationDate"
d578673405ccdde6d796b84dc603b44abad953650cec5d164347734510babc71,,Integrated Report,,2022-04-07,"fileName,publicationDate"
d5b2a44c9d4c19c958d0a7278c47c94dca52cfa469c77b47cfb5d6a263e8ad5b,,Annual Report,,2022-04-28,"fileName,publicationDate"
d5d1c9570e829b1abbca2dccb41f914a40bfce6d756ca4402b02fc961695e4f5,,2024-Final-Proxy-WEB-READY.pdf,,,fileName
d5f0482e393626236933ac75fae840d2223ade796463aafd61529a98e23ad64f,,Integrated Report,,2022-03-28,"fileName,publicationDate"
d6280b0517880ba3198ad2c9e2e4de836c8466268af05b8761444207dae7d16e,,TAXONOMY_Annual and Sustainability Report 2022 Porsche AG.pdf,,,fileName
d628ca1ba4e91ce51eea7fbdf2cc9e1fb10a0e6da2551a7a06f4173b1225216a,,OCT23-023-Gender Pay Gap Report-Daniel Grant v5.pdf,,,fileName
d631ff877312b8880032dd0413cd5fe1299470729c77634fec57ae3d0068c0b3,,Annual Report,,2022-03-29,"fileName,publicationDate"
d644d3aecb9e13b78a97d3713ed0067e796271436a9cda16aa1a7e3d0dda894e,,Evonik Remuneration Report.pdf,,,fileName
d648827077cd1bb56a46db484496f4c0c0dee1daf82013f287e0e96497d68e8f,,Annual-Report-2022.pdf,,,fileName
d664122101642b8245f73adc6b15dea44420b6e20f9b22c1e2e429063ed2be9a,,Annual Report,,2022-05-18,"fileName,publicationDate"
d6911e470714edb72bc4888b9efab464e8db02f4acaee630b710f883d2c0a0d1,,Sustainability Report,,,fileName
d6c1f9ddf56ba1faa15d46a1dd7c8322878a8ec7efc88e782ae26a2817a46783,,Integrated Report,,,fileName
d6c49bbbdabcfeb8b37c64157b55b5367cbef98c494ff021b3487573cc04a176,,Human Rights Framework - Altria.pdf,,,fileName
d6c641c33f6d73ade57305764be45f4658ce782300d2cfac847413eff53735f9,,Annual Report,,2022-03-29,"fileName,publicationDate"
d6ca1db8f07e8b877466488676fd16f106d5cda47469b585eb4a1946079ddb40,,Integrated Report,,,fileName
d6cf36e0d651dca84ca5c58c2e70dc6e2715218f0e8384e842fb5b5127f28b7c,,Annual Report,,,fileName
d6d1b1a4db3fa3f73fb7891b46b5570db6e8795cef457696a9cb5e6b0a295bd9,,Annual Report,,2022-04-29,"fileName,publicationDate"
d6e45bf665c534c7986dab421f4e7c81cc45abacc10ecb2dd4c4a98587b75f2d,,Annual Report,,,fileName
d6f0982825d6c2d9b28f31d400ec59441bd4fe050f5cc0844875f290c9c7bffc,,Annual Report,,2022-06-08,"fileName,publicationDate"
d7479258425a8cba3f5e5bc88ef8043a9f77e194e507b9cec67156f3c2fb62ab,Sustainability Report,,,2023-03-17,publicationDate
d7673e5f6384221f6ea768618171b61ed03d110d957a03456b7a75ba18726e02,,Annual Report,,,fileName
d76b0225cbb37d5e7cac4dc1914f728e89ed51730a9cf483147f66c2a9b050a7,,DB_Supplier_Code_of_Conduct_December2021.pdf,,,fileName
d76bd54832475b7dd6eb8b909294d68035aa09841b8ac45b4a9251cfb555e598,,Sustainability Report,,,fileName
d786dbd9cfb5d896e7fa8d5896d17d4e80b055a0ef5f68dc834ce0b0f4f8fe4b,,Annual Report,,,fileName
d7abc6e7d7cd7c81340e9836131d7842af6943c3059e59990d91b96bb721fe0e,Delta Group Environmental Safety and Health Policies.pdf,,,2024-08-02,publicationDate
d7bbf85091ff067887158e1e1e906e9c6b33caba903577e315ce176e1244d85a,,Annual Report,,2022-06-14,"fileName,publicationDate"
d7ddeebe6a15af9d635e211e59d47518b4ac04de93cb20552157f1482a37eac5,,Annual Report,,,fileName
d7f0325623e03534313967a4ba3a161335a2e5afa60d49208ac1865b2ab12cc2,,"Kurita Group Human Rights Policy _ Ultrapure water supply, Water Treatment Facilities & Chemicals _ The Kurita Group - Kurita Water Industries Ltd_.pdf",,,fileName
d80eec3d2af3dbab638803a066b4f51c859d5614fae8450d4e36d430abd10dae,,Integrated Report,,,fileName
d86c3301db719a35cf7ab4e5da749dea297507db13e4f2200517c87187ef3595,,Annual Report,,,fileName
d876fd70047cf2a91dfd5bc274804c1b9b562e15f724bdc5f875619e4f1b90cb,Business_Conduct_Guidelines,,,2024-09-25,publicationDate
d8a5504dca9de982532d4456134cd68556ee4a5f918a0812a56c5c4f8cb3c344,,Apple Inc./Anti-Corruption_Policy.pdf,,,fileName
d8e3739d2e06f09b83a192e00cefda0113b5da778483e31018cb35429e72eafe,RIL_IAR_2024.pdf,,,2025-10-18,publicationDate
d8f7b061353fb56d5d45a1a8ed28f328357f24a9be20bde309a3a0a88082c12f,,Integrated Report,,2022-05-16,"fileName,publicationDate"
d90b2b840b6b11cd2679ec6d386d6caf9860db320b3d9d859f2952f40cd5428b,,Annual Report,,2022-04-08,"fileName,publicationDate"
d90c635fd406436f50d01a3583d81b69dfb3c4e60fcd479d997fc6c8f65c1a60,,Annual Report,,2022-06-01,"fileName,publicationDate"
d90ee67dc4a65d0881a5686935b50020c20855d8f87d7386eef7711d1b557fb9,,TAXONOMY_consolidated-non-financial-statement-nfs-2022.pdf,,,fileName
d93cd497ee424781b25ba0b01f1255fd7050482ee9870a5d75459500e424ec69,,Annual Report,,,fileName
d9542f308fce4b52fc83e2a1d0ad6a9b25e9a82ca1b56e8cf7015edac4572ab5,,human-rights-statement-3208823.pdf,,,fileName
d95ca79d1b49092f63d8a7f48308fdcaca7fb2686f85adca1956ccbc8b346a0a,,Sustainability Report,,,fileName
d97631d1a3353e295be371702675ba7873bc2cf0c9166d08b3fc4998a1fc6d14,,Kellanova Global Human Rights Policy 2023.pdf,,,fileName
d98bc34804cebbfbf54454b460894e3da8e47c6fc2ab705b5daef94e08259de0,,Annual Report,,,fileName
d9c03eeae5d8c979053477d0226b33cb908a3f0178cdabb59333345a7e989ad3,,Annual Report,,,fileName
d9ed67ef85cf403c197977e5c967746dc361ae577e0dc8193f62cd2cdd1924cc,,NYSE_DE_2023.pdf,,,fileName
da2d5648884cc2a6ba86b6e602aa5312d2d5182632162a34a14b3f50c8db8e2c,,TAXONOMY_BANCO SANTANDER S.A.Annual Report ENG 2024.pdf,,,fileName
da3a8c7e4b534515c6d2ef97392a8d580a4b42738f10491e85c6df01414458b4,,Annual Report,,2022-04-01,"fileName,publicationDate"
da75397bede881a2a58628328ea068d53b5c44f805f117a82d8f1f63be2b339d,,Apple Inc./Apple_Environmental_Progress_Report_2023.pdf,,,fileName
da92e07aecd4fb0c7d40ff60a57a965e657c581ee8ede2e4dd6858a91296a5fc,,Annual Report,,,fileName
daaeb1c2bd6cedc0737c422fb2dc3e4b19c7ce25e55e59f3f66cc1120373a3f5,MFB Hungarian Development Bank Annual Report 2024,,,2025-11-23,publicationDate
dab40adff451adb2e57640bc2cc0a8d72e68cef89a8dd2677fdd7f0a96c131fe,,Integrated Report,,2022-04-07,"fileName,publicationDate"
dacda46b2e8a75bda5c1127751f3c40431b003d68b892a117d95f791c68e9760,,Barco-IR2023-PPC.pdf,,,fileName
dad6e3cb23d8ce499d180f8df57b3d7c43f8f0767024c56f1301ea2da6a159bb,,zoetis-statement-on-modern-slavery.pdf,,,fileName
db35eb05befc55263cab3cc744cbef4b55ba7e96831990597656762356594444,,Integrated Report,,2022-03-21,"fileName,publicationDate"
db45a229e5a7c81010d56db6fd1edb925606d4a2c643c3a222fcbd5d52dc4ff8,Annual Report,,,2023-03-27,publicationDate
db4d1a77d387c759c42c3bd807fe02eed2febe1bb3bb83b338b6e7b07466336e,,Integrated Report,,2022-04-28,"fileName,publicationDate"
db8d4f51d2d996610b66977ee38fe8c56d954e91620ec757a51f535b9bc896f5,,Annual Report,,,fileName
dba58ea3b8e8fde453366a05176796521f025458956409060b3ddc1769a655e6,,Annual Report,,2022-07-21,"fileName,publicationDate"
dbc8f34e53b474eeed97d49a2aa17d3d48a1e09d38d79fc7ccfb33a0d0d2b31c,,Annual Report,,,fileName
dbf907f7d9386744edb638e2bc46d168364345431bfc59242495679ec92b2e0b,,Annual Report,,,fileName
dc075a12ed789b822f44871c3e2e1cb2d95d336906d9d83cf6bfd84326b1510e,,"MARS, INCORPORATED/Mars 2023 Human Rights Disclosure - Final - Signed.pdf",,,fileName
dc0e785fbd316a979939f9435166db1751c9d3d255398a02c007ff20a1b8adf8,,Annual Report,,2022-04-28,"fileName,publicationDate"
dc405f2144c073ab93aa357344df02811e468f472ee04cff1165e52d7c9959b6,,Annual Report,,1970-01-01,"fileName,publicationDate"
dc52c8851bf4aa6bb01e8188f0a5eee5785ce325df61e059b9fdb5092c726df0,,TAXONOMY_web-freenet-GB-ENG-2022-gesamt-Update.pdf,,,fileName
dc5b6e2568f7b0125484b8d3bca49c650ddb435c33ae1555e00ed9b1c3d8d62d,,Integrated Report,,2021-12-21,"fileName,publicationDate"
dcd6e62b6e810921bc0f1d068dffe320162e43aacd5485a4a8a484190b00f4e7,,Integrated Report,,,fileName
dce9db863eca0716a5700476cae87072becd349b52dddd0c818d1edad7120806,,Annual Report,,2022-04-06,"fileName,publicationDate"
dd0c52bc037af2f5358d3c95a02e006682931967aed6ae81b203527c3e63aa8c,,2024-deere-co-proxy.pdf,,,fileName
dd1ba923a5cb531be2426af0c263889587435fad2be063f88fe6b394cc7bfee3,,2023-annual-report.pdf,,,fileName
dd2baa8b7f2b28114e73e1bdac8bdfe30cfa5e60f5980a88a05487b534bc77fe,,Annual Report,,,fileName
dd64fbcf9deff2a154b1b304b9cf79f9438af9f0c47fa640d639211e0f7bb572,,Nachhaltigkeitsbericht-2023.pdf,,,fileName
dd7c707d553e626843a08758644c566c7b6edb646e250da1da78931d71fa93cd,,Spotify_Sustainability_Report_2021,,2021-12-31,"fileName,publicationDate"
dd9c76bb37b7b973cc911b4034c2761bc3fa2cdc78d364044be840495ffc2ae3,,annual-report-doc-2023-en-08.pdf,,,fileName
ddc47a15292d4c7ffd875bbfee01d4b2d600f669a53c869a821d1836fb92aa5d,,Annual Report,,,fileName
dddfd4458b78aaac2a903f962c162143f8eedacd4bef6348d821d0fc3a54a2e2,,Annual Report,,,fileName
ddf783f8f0adfea1cbb1a1a54039fa7ba351ab271b1986796f0d0bff26169a3f,,etisalat-group-financial-report-q4-2023.pdf,,,fileName
de13a9516d47e27399a8788f2db70763e7284a4b6ae5b62fa2b85e7474173618,,Annual Report,,2022-03-30,"fileName,publicationDate"
de18916b80d12ffae40a076afbc9729de7300a7912a48b525e714912b5795205,,Integrated Report,,,fileName
de1fb611ec3b25d7fd1d9b9ec09486cd85c6e4a933fb6ac3247b5b4109d54252,,Subsea7_2022 UKGenderPayGapReport,,2022-12-31,"fileName,publicationDate"
dea4a8ea1570713283f26a90e43d5a2c73ec5598cd9c8d23be1d735497f0dbe3,,Annual Report,,,fileName
dece5500ad7620c8f5b1d8a4df6ee8fef44d78d20d9c09908937f6f3c04363d9,Policy against corruption and influence peddling Group Carrefour Group.pdf,,,2017-12-18,publicationDate
ded5135a731b580efac559bd21b13a74526bf5688c0ac11983127ff622f98881,,Annual Report,,,fileName
def5f4bf826d825d30897d3f78a2a94ea3c53a9172461c738685be7f7bfa7934,,Bank of America 2024 Proxy Statement.pdf,,,fileName
df06bc37e9a8f2f61875d6c47f384633dc424844fcf9ab7ccc4bbc88c9030584,,Danaher+UK+MSA+Statement+Feb+2023.pdf,,,fileName
df116dcea4a43e32ba4bbaf6d08f78fbb7f3b5bef9c36002dae00d6d23e4ffa6,,volvo-treasury-annual-report-2023-eng-Final.pdf,,,fileName
df263f5d248932118c68bb52aa806fc77d0a1d6b46b9c1519d79ff7242519e94,,Annual Report,,2022-04-26,"fileName,publicationDate"
df2a2bedad4bba37f3c238f9224e972f5745dbed4f6a8c0563be55fb24e42110,Delta Group Supplier Code of Conduct.pdf,,,2024-04-30,publicationDate
df492a3959db8a4b8f6ad48a5ed2f8ee186f385d55435a11e98e8aa5b1e36b40,,Annual Report,,,fileName
df52c5579483ebdaa3fa9ffb4ec85c009bbcd66a2f43f055d7e3c2068147e655,,Integrated Report,,2022-04-28,"fileName,publicationDate"
df55b453a0ce038a541e275206dece537c16d0acad636ce2fd4167aabcb9ee7e,,Integrated Report,,2022-04-29,"fileName,publicationDate"
df6826267019f3afc4802d0b84bd16f52574da86706777b1761ee3df8a713beb,,Annual Report,,2022-03-30,"fileName,publicationDate"
df6b1aed64913f56f62549c38fa6da81f5ea1911e66f7d7cd5c59314f81c4aba,,Supplier-Code-of-Ethics.pdf,,,fileName
dfa2fe931e34ba9f938a7b33c7a89c405773dce5881ec700857e11113b9b8938,,Integrated Report,,2022-04-13,"fileName,publicationDate"
dfb188669f2fb931766b9f21477979bfcdcd356c64106a8a248a2535a674374a,,Sustainability Report,,,fileName
dfc02291fc2f613e3d76d43aca65549d56fe5f4b643d82e7bec1b22e16fc544b,,Annual Report,,2022-03-18,"fileName,publicationDate"
dfce188ba502bd7407388eeda2ce78133de10fd493afd981ba8d57b45d844ed9,,SCR-Report-2022.pdf,,,fileName
dfd291bb5025540e3c1b80b98e49b7481b6ab0db1e02c8919238e581095f57ed,,JPMORGAN CHASE & CO./carbon-market-principles.pdf,,,fileName
dfd3ab6e9a00938635f42d2715999b8fd034523b7534a25e255d8972e3a6d0f6,,Annual Report,,2022-03-25,"fileName,publicationDate"
e016957eeb0862dad9ce9c0932c9e9d919b08a0fea0241541abde81bfffb5c36,,TAXONOMY_CVO2024_URD_EN_MEL.pdf,,,fileName
e04449423c3f3a23c4f7cc2c235bcc0983765a35a93e9c3661a428fcb18b539c,,Annual Report,,2022-04-22,"fileName,publicationDate"
e08cc54218c84613e0d8b08d43c4a655765559c2358c0e5c2465f2aeba57226c,,2020 Universal Registration Document V2,,2020-12-31,"fileName,publicationDate"
e0c0327f42d4d487f08d1451d1523874be907480313011f6704e8797551a37c5,,Annual Report,,2022-04-07,"fileName,publicationDate"
e0c551f5efd0e3232de259841f3ba85a559b5f1c7321dd32b9df67184089e337,,Integrated Report,,2022-03-17,"fileName,publicationDate"
e0cbbdae8927f31623d9b2d33a8913b402a324d1c99eec7a1ab9ec17aaa831f5,,NHA-NRW_IV_Report_1-March-2019_FINAL.pdf,,,fileName
e0d158b6256b7e74e31c03c571e378309c43ca550c384dd1e00b0840b2dcb41e,,Annual Report,,,fileName
e0d6111dbeb31ab06d8e49367ce7c79862686f668289fb06d4f21f450ac2b03d,,Integrated Report,,,fileName
e0f0404d06a441ef51cfbcc028da83e2cd31a3ccc2091792c89f94648746118e,,Integrated Report,,,fileName
e0f209cf31c947600c1a4b619afa7bf083f82661e3155e66217a469bf6ba86d3,,Annual Report,,2022-02-17,"fileName,publicationDate"
e0f7554118a4ff38f7c4f713723167fa08a83eae7b0291706729b759e1b6c711,,MCO-Supplier-Code-of-Conduct.pdf,,,fileName
e10c09eb0afed0caf94fed651d4f3975facc561dae2f48ab2af0a3d9f9f39e47,,khc_supplierGuidingPrinciples_1.7.4_eng.pdf,,,fileName
e126e08def479a73f64037d9b25e03be64ad7a0e005c7cf063280bfa80364fd5,,wec-supplier-code-of-conduct.pdf,,,fileName
e146ba68852226ff3b12af2f8eec1b946dc4e6cfa687f84fcdaa599f19580be2,,Annual Report,,,fileName
e1df5df9141db424e8e8891b7931add3a9cbac0e6b4bc837bee450f24a9c37f9,,Annual Report,,2021-08-27,"fileName,publicationDate"
e1f5bb281f5e7dad59e469b279847a21ceebc786b9598be4fd4490555596a4a0,,Integrated Report,,2022-03-24,"fileName,publicationDate"
e20ad9e396bd3f2baf29d3416d9505c61e07065dd06fb290741ebfc0a52af268,,Annual Report 2022,,,fileName
e226f8e73b42b837c0c9f59bd9e0db5cba906af6e6edf84bdccdc9a2a512a634,,Annual Report,,,fileName
e28030350f1b39f775d35cde509764795d9b30e95ea4c952c06e6bac65add30b,,Nordea_Code_Of_Conduct,,2024-06-18,"fileName,publicationDate"
e28e757ba971301ca557de0c5d5fcf2587cff34f0a917c41191de5ed409972f4,,britvic-plc_basis-of-reporting-2023.pdf,,,fileName
e29ce254cbf382a4f72754f1fc8327380061a1dd37944cc3fb8c08b7e3be990e,,Annual Report,,2023-05-15,"fileName,publicationDate"
e2c32498d67371a517a7e7d927dce48c1904aa82592add1d7b7c58421a781ea7,,Publicis_Annual Report_2023,,2024-02-07,"fileName,publicationDate"
e2c89313b56a2bd458793db260a858ad5d61cef54556ed8c018e21740362b064,,jdf-046-whistle-blower-policy.pdf,,,fileName
e2d5ba00c301cdfa9969bf10aa52317cf8769e18693d7191c64b44f5949a3090,,Annual Report,,2021-08-10,"fileName,publicationDate"
e313a6e3a2b84f645fa94b1ed10f6fe8d646141d0da048c0bfa9aef2e0e8fc0d,,TAXONOMY_UniCredit2023 Integrated Report.pdf,,,fileName
e36d41ed3a32874efba3e33dc89ef7e1329e32a26e91b453cb0e9b680288a783,,Apple Inc./_10-K-Q4-2023-As-Filed.pdf,,,fileName
e3836f757e3d4e3a9f0b299152aa49bdf1a2b9c1e277876404dbfcea686d0b32,,Environmental Effort ｜ NIDEK.pdf,,,fileName
e4036a03b17d5cebd4e0c0c68314b7f4ab33893bc40299d84300e874c3a0a893,,Supply_Chain_Transparency_and_Labor_Practices_Disclosures_FINALOct16.pdf,,,fileName
e40bb834e870a0e5a49b4e5f0b6daf0e9d6e68882b83dcec009d5a54492e43ef,,GLEN-2023-Sustainability-Report.pdf,,,fileName
e41095cb628610da7a39cc9e81c2f73b9e1f339c92258ecf848a4d2f1328d95c,,Annual Report,,,fileName
e41414d27017a2c34aa36d69a7b9d165a951266627eebc93a489a4ad6569dc23,,BMW-Group-Bericht-2022-de.pdf,,,fileName
e426926951e5e4245d07225c692c5b5a84ff61d2272878a8641fc68b87d23f99,Dell’s Diversity and Equal Employment Opportunity Policy.pdf,,,2018-12-12,publicationDate
e42d1a4b3dd6d30f3297368e15bd836e40f288585c5b641bb8b6eeaf6a973e93,,Sustainability Report,,,fileName
e439e292a5574c0f472b46c963cf7d50fdb3a1f2ad46d3216c8d13357da38e60,,nachhaltigkeitsbericht-vig-2023.pdf,,,fileName
e4528ef10ea0a54f74de45e6510e1a18ac4d9fa28fa600cf2859c901a50c141d,CODE-OF-CONDUCT-EXTERNAL_FINAL_EN-v2.pdf,,,2024-03-28,publicationDate
e45dead3296a0e36c37f7f03e9385f8e6447b01618de0847da036b69893e9479,,Integrated Report,,2022-06-30,"fileName,publicationDate"
e45df6714ee6888e21927054ba6ebfea052081da816266ae7c2301dc07a14a87,,TAXONOMY_annual-report-adidas-gb22.pdf,,,fileName
e46186bc4de36148f470c573909d438dce1931052e70ff1704a615bc5b9a4f44,,lbbw-uk-modern-slavery-act-en_986m5evvj_m.pdf,,,fileName
e48a4bb331f9a22fbf00eaff98c97a8d799ffd9152ef2683b815e86cda49cdaa,,TAXONOMY_Nordea Annual Report 2024.pdf,,,fileName
e4cbccd09f1491cbe0a4295707bbb86eb3d766949afd314e68cd8423dd65fcfa,,Annual Report,,2021-09-29,"fileName,publicationDate"
e52a8ab072be9f15a4f1ed38a291485961a850eb43fa186625c7b96e6233254d,slf-supplier-code-of-conduct.pdf,,,2023-03-31,publicationDate
e53742519d574dac3d6be601711ca7fca18f55c7f05f9a3744db1ac673329474,,Annual Report,,2022-04-05,"fileName,publicationDate"
e53c1776cf7e2b14f60e7f16aa281615ad404efaf244cbd68521be10b51e7d2d,,Integrated Report,,,fileName
e55df3d9191df785b0af21476e8b30f02cd658a5934867ae9ab4e0e960aa349f,,TAXONOMY_230523_STO_Sustainability_Report_2022_EnglishUK.pdf,,,fileName
e567305e3be994265ddcf2e8ba30a763a0523a98416b756a8c9c019976bb6de8,,Annual Report,,,fileName
e62904cdf7fadd26312364a8fb597cae73c08a85eb5d26ae5127cbc3dde36e01,,Annual Report,,2022-03-25,"fileName,publicationDate"
e638193594b515f40cd9c89512e6e94d51b84da4aa33d2ed62450dbfe1bf93bc,,Annual Report,,2022-04-29,"fileName,publicationDate"
e6494ff209fea8f158e0abe5c7596f5dada4b8326aba3f386ab50a79bb6a8dae,,ofss-annual-report-2022-23.pdf,,,fileName
e658c26494bd0b3a2c0f4f418bb81fa48c8dbc2b8360c78f67d09c54a4ca3309,,Diversity_And_Inclusion_Standard,,,fileName
e666c18645d7289ff0a56e0dbe381cbdaceed70cbe2fd702dba025645e6facad,,Annual Report,,,fileName
e6a95e5afabc45dd45ead765ac7698951975204f1f98aba5eaebc18dd8d826ca,,Annual Report,,,fileName
e6dff6b96f3c9d82af1be223e7ac67a2751901738333df4aef5118a9ce219262,servicenow-global-impact-report-2025,,,2025-07-08,publicationDate
e708c6119dd831a9094ad9bd6180197d15ba637a2af7b2428719111889b1d393,,Annual Report,,,fileName
e73d55b791b52df9f8f106ca81d60d533d30e71832db1d829c1d638a093e7798,,TAXONOMY_20240515_Alstom_Universal_Registration_Document_EN.pdf,,,fileName
e75ecb96fb2bb3dc240a29f21af152e389e95eb05d4dd5f89d357abd4cb0e7e3,,VAT Group AG/VAT-Group-Sustainability-Highlights-2023.pdf,,,fileName
e772215ce45d0cddc341efa779f57b893f5f29c9e9f0bd457d30b81cb197d7c5,,Sustainability Report,,,fileName
e7775d62f1082e050a057e2dc99e6b9d34b53af08c3d3e21b02f30a71cf06d12,,Annual Report,,2021-07-22,"fileName,publicationDate"
e7a3d7ceb56a73c5d0a2a597fdb3cf670b27eebcfad708df0765a9ce4e34e75a,,Integrated Report,,2022-04-08,"fileName,publicationDate"
e7a69464ae3f6154aee4597a252b58f9210ecaa6d94dffac1104e72b51bad708,,Annual Report,,,fileName
e7be58eb9a143668bc239a08c37298287af16eaa624c11bbc01d2e92540e8e1d,,Annual Report,,2022-04-27,"fileName,publicationDate"
e8527b3dad14bc496beb5cc30a8e04f22ee171a38a0d4ff6d08a780ce031f517,,Human rights _ Air Liquide.pdf,,,fileName
e85c6a0627c46532f7dda9ad47e9d38e17974d2753f5bab41d01e7ac99db107e,,Annual Report,,2022-04-29,"fileName,publicationDate"
e86eb00e9bb1e5c986ea8f562e73b89eaac4b0d1ca5f2c80f8580b7d095e4043,,Annual Report,,2022-03-29,"fileName,publicationDate"
e888dd840d1ada7d9a049b1bae6847c1e3f427ed7eeb6c9a9947181a319e7744,,modern-slavery-act-statement.pdf,,,fileName
e89a1229a414e8d94138c20a24fea2792990dddfecf0c769eab68d4bcdc17007,,IDA-Financial-Statements-June-2023.pdf,,,fileName
e8a5433d3f705bb22eb3ea3b1bc1b272657772a51601ae75ec82db1709f822fa,,Annual Report,,2022-04-06,"fileName,publicationDate"
e8b81137380a26c95c5a70769c0fb0f3a1c4b58c2052eed4e8b1bcc95fe1640f,,altria_code_of_conduct.pdf,,,fileName
e8e841a88e2ee776dccb2c955da93f166a86c5b4ea38c1a2dd14db4018f4aa85,,Annual Report,,2022-05-12,"fileName,publicationDate"
e954ba490aed28c3b2b87baf900dd4abcb6d019b66a6af6c9fb9f6d9f798ca0a,,Renesas Electronics Group Human Rights Policy.pdf,,,fileName
e9596d2f557f4c0eceaa1c6ae41ab33174be27e626bd1c4cd006a8baa72b3a8e,,Annual Report,,2022-04-06,"fileName,publicationDate"
e96e44655efe951348f8379a2a3856fc17b522ef072f48dda33a565962abb00a,,Annual Report,,2022-05-06,"fileName,publicationDate"
e97c8f56be805b91afb1d869447124441942e80b662677ec107231a0b028e7c7,Spotify AB/code-of-conduct-2024.pdf,,,2024-05-16,publicationDate
e9935a2dbd84c26b58a918a2731675e7d873da6c2634b51b251a30289e758f8a,,Annual Report,,2022-03-24,"fileName,publicationDate"
e9bdb4ffc49c33d8a9b89f7201a87ce106eee4ceaa746e37e4b6f12330f1a033,,Annual Report,,,fileName
e9c0968a824fd0546737a845e4023c2331bd06a9395922358479b93c9c021e80,,Danske Banks Climate Action Plan.pdf,,,fileName
e9d2eb92f337dc0d9e3a676d77bc8339be9fe3e2da63c34357890702f44aa906,,Annual Report,,2022-04-29,"fileName,publicationDate"
e9fa7a3fd09eb27607fb5c3aec044962d158f348a197dc9a70f58a5c0d0cf104,,Sustainability Report,,,fileName
e9fb3f3ebf7e1248130b76360046b691b195103aa4d07dd42ad5131c74d6e646,,Annual Report,,2022-04-23,"fileName,publicationDate"
ea0b38e2766d9fc95425c0c750e43cb3e6f78670e329ac00ba4fa24ff1404e49,,Code of conduct.pdf,,,fileName
ea3fe23b9495ceb1585edc61a465c2a380461452d70a8e62026605bed24aaacc,,Annual Report,,2022-03-25,"fileName,publicationDate"
eabe295c22a68b9fbc41bf5f4b03d6b37b31598d6684d563cb2798ff131c074c,,Diamondback_Energy_2024_10k,,2025-02-27,"fileName,publicationDate"
ead1270850f6c80e96ff8be978bb99b43c8300637f96c7f919aac59588b577f2,,2024-AFL-Proxy.pdf,,,fileName
eb6f3597fb8c0203e320f964c4b228d283b2a21463ddf1912240d08bc3e6c841,,Integrated Report,,2022-05-04,"fileName,publicationDate"
eb88d92fe1c8cdc5384ea3566c159ac7391ffaec5f56dfb9a5a36c1a5769c2dc,,Annual Report,,2022-04-28,"fileName,publicationDate"
eb99ad8abff886ce54883753667d1ee88835fb3bfdf8fb6a8a7c1f783c405362,,Integrated Report,,2021-10-28,"fileName,publicationDate"
ebc2e00b3aaba6ce1aa67372cfa47ea6ca6a46643ca0851bbe1ddd4156387176,,Annual Report,,2022-04-05,"fileName,publicationDate"
ebe4828287eacf2ce9e2dc278f508cffcd5e780eef4410aa793af7813d522115,,Annual Report,,,fileName
ebf8ebccf1b31dc1e450c35238fa3fadb95332b614dccaa1acfe0be1ac895e37,,Comcast 2024 Modern Slavery Act Statement.pdf,,,fileName
ebfa0a98ca0e7f8e08a2c600cb2da9a7cd996adde68a227828d5538d1b24b0b2,,na-annual-report-2023.pdf,,,fileName
ec2d76eb519306d2001b8c14e5e06cf537ef88b693f50b08eb27591605f48ce0,,Annual Report,,,fileName
ec42ca78df3efa6f38d45c645d683dddfb1d1e22f20c75d5f338f8f37c4f2471,Annual Report,,,2023-03-14,publicationDate
ecb8f472dcdd68cac3e99bf8469624893e04112f08a26e3d27a8044cf9cfecab,,Annual Report,,2022-03-31,"fileName,publicationDate"
ecc4ae887e38bae004307de35b55ab63ec73668d6c4ad7d5298c7ad4be27b93d,,Annual Report,,2022-04-29,"fileName,publicationDate"
ecdf9a2637e213384e3dbbd146edbd7d80ae28037028c960325a4a1df2d8fc6a,,Sustainability Report,,2022-04-29,"fileName,publicationDate"
ecebec948188716fa61f5cac9d7d2dd6edee1cfdacf8bcc06b11754a2f8296eb,,Annual Report,,,fileName
ed07461b99bca54f493d635babf469dfbae1080aedf24d5677f25da42a6d9951,,Annual Report,,,fileName
ed358f35ab99aedaf84cbede8bca3a2ec2e6858beecd757e9e4ad151aec81ead,,Annual Report,,,fileName
ed3637bd6d5b7d21444c9caef6deec66e35cc7af4cb4e79bc0fcd35868d7ea75,,Annual Report,,2022-04-08,"fileName,publicationDate"
ed7f60f53318ef903c9329e3e3dba2407b988bff239679209041c35a21ae59ec,,Integrated Report,,2022-02-02,"fileName,publicationDate"
ed8ca22fdf30ebc9d91bfef7a62958d07c50fa6440ffc8d248c3f90d68f20003,,2023en_A4.pdf,,,fileName
ed950025c3059e61238085ce23acffa93d39df4adc8b66367c15a3d9b94e1903,,Corporate governance - Werfen Annual Review 2023.pdf,,,fileName
edb1c5fb6d28a451757d5d3dc47f0a608b9bdb494ca11f05c8bcae406a8446f2,hlt-codeofconduct.pdf,,,2018-01-24,publicationDate
edc7f505538e5d06c03aed7a54efc5cca2ee26384bfe4fd850d2c026340b0b30,,Integrated Report,,2021-09-21,"fileName,publicationDate"
edcbbc7c052bbcdb255bbcdde6c3b96067c6442eabc1b6220d7bd9ed803a83b1,,Annual Report,,2022-04-08,"fileName,publicationDate"
ee3671de7d36bd3865c1f78f09b47fd8b3d4c9e73dc23daa14cf6174c225461b,,Annual Report,,,fileName
ee40491bfc9fee3c0a6b2dcb9b791d5ed43a38493f17da857a9aa7962af20967,,Human+Rights+Policy.pdf,,,fileName
ee482bcf8c2795d9a5f2c3134c397192bcd23c644087000f55907c81ad35bdb8,Group Safety Policy 2022-23.pdf,,,2023-04-07,publicationDate
ee6d904fce5ca0bc2a814c97af89c8f0af2523bfda0c27b77b5e37d047d3914d,,ar2023_en.pdf,,,fileName
ee86c748b3c43fda152d83e435358e8b55b0a04d621e4fadf0ee04399dc43f9d,,FA 2023_annual_report.pdf,,,fileName
ee912f4f590dd8ba8b50f13bdbf5f4ce88bf76d1dbfebb42f4d9678eed750878,,Integrated Report,,,fileName
eeae77e23da84a8378f9b3483e5b8fe70e5dcdd742d17b39127b3778074fa74d,,UPS_Human_Rights_Statement.pdf,,,fileName
eebe6e1ddee9cbb89f60f7f33efdc8f4f2391b50bb364505026077facce36591,,Annual Report,,,fileName
eec3d7d6e269aba6df5d163ca1cb58c920de920e9bc6bc3cafd0f2606c46e810,,Annual Report,,,fileName
eee3970d7ccee1827ece0ecedf145e5539d1564a0c97dcaff21d5df31f6f0555,,Annual Report,,2022-03-25,"fileName,publicationDate"
eee6f7b04288f870a235908b550cae750049f78918ae8b65e703144bd57b8de0,,Annual Report,,,fileName
eeedbf8a41995383f176bdd394c237282871ec58321e4936c48c79b5558bee40,,Annual Report,,,fileName
ef22699d4a1d7da75e299e806729a45263f7ddd1c0b1ae21ee37f2716afee919,,COMPAGNIE PLASTIC OMNIUM SE/plastic-omnium-integrated-report-2023-en.pdf,,,fileName
ef395f61951774092af1d27042151266f22a8017f59525310cc2cf5ea6f14cdb,,Human_Rights_Supplement_CSR_Policy_NWB_Bank.pdf,,,fileName
ef433ee7678652810b926f8799caf5c3c68828f9574083693f6208477c53f793,,Annual Report,,,fileName
efa31d9afeca05cd84b05e32f077935927847bb810ffa3c2fb2e639df7eb3f9a,,TotalEnergies_URD_2022_EN.pdf,,,fileName
efa61a10a2f8093ca846a7b8f07acd00f465e5555c576725fcd723518b15e8c1,,Annual Report,,,fileName
efa6e5e8d020a456d801fe694e5c2026395976427f6b6858285aa1ee056659c0,,Annual Report,,,fileName
efb2befe1962197cbe34c3dddf785df4745f34a3523666cf614883d8b8c5e5c1,,Annual Report,,,fileName
f01bd5bb663eae0440df5c2e41ca2ca05221e5229b44b8393ff49216d0f2549c,,Annual Report,,,fileName
f01e92ce8af2d228acdcb8a948374c1a0668d3a6d1353c73f87e4ad747490014,,Dominion-Energy-2023-Annual-Report-and-Annual-Report-on-Form-10-K-1.pdf,,,fileName
f024dbeb7876dfd10eaa4e584f940837dc4e32d18c11b9abc8d93165f526c41d,,report-esg-2023.pdf,,,fileName
f030d0384f5f0ac4870355e969a65250fa0dedce805c6ad32c53396b24e8525e,,TAXONOMY_PBS_PUBLICIS_URD_EN_2022_MEL_23_05_11.pdf,,,fileName
f032db25cbc9e921cac339d88193c216b4d4428f70c73a558ed0ae4ac42fcec0,,Annual Report,,,fileName
f06301858b864d4f961a5f3627480e64c423a6a01255a4314afa68a2c9e0c9dd,,Ionos_Code_Of_Conduct,,,fileName
f09737c7c134708941c76dae172bf0bf6554e8500d4255858f2df4b742ff7d41,,Carnival Corporation and plc Human Rights Policy.pdf,,,fileName
f0979190906a495305617c3806d67b6b3c94e35094166ff6ca75cccf8ac6e9f6,,Annual Report,,2022-05-04,"fileName,publicationDate"
f0f2d09425b2d1f520941913e5764cb9d50c5dad08ff73dbc1cfc3ed6b8bf033,,policy-human-rights.pdf,,,fileName
f100c5fb73f6e321989e32be80d410b23ae60676815b771bf4cd2bff1cc31a3b,,Annual Report,,2022-03-24,"fileName,publicationDate"
f15ac2a6d0b7a5ad0aab96ad14f395d241cb1fae07072bdd1ce02a7425e1972e,,Annual Report,,2022-04-29,"fileName,publicationDate"
f163bf65c1c3a9b2a83901f810e481269b62d3e126828d1283ed26a42592ad6b,,annual_2023_en_print.pdf,,,fileName
f1cae1258c4ad93ec8df83e8645db76363ef38332064cd0e8570cd59e47d89b5,,annual-report-doc-2023-printing-en.pdf,,,fileName
f1dafcd8ae56c5cee22d8ba602ab134acb8df80b88d1b3c014b00179f2a7c54c,,Annual Report,,2022-03-25,"fileName,publicationDate"
f213eeec6bde8543780090c1cc1018164c3e45ad3fe8fe2c8b9f23df85b57754,,MRVL (Marvell Technology Inc.)  (10-K) 2024-03-13.pdf_.pdf,,,fileName
f21913615f6f8904ca3778c2672057bf6f5952af8f8b4376526fa62877cde99e,,Annual Report,,2022-05-16,"fileName,publicationDate"
f235a58359b0940eda333720613e856cf9d14841ffaddaf7f6dead7cb8509bd1,,2024 Impact Report Final.pdf,,,fileName
f2473426242a82da3d1e351abbaa225fd34b8e482e23eb84a06d4118f931eff2,,VAT Group AG/Certificate_ISO_90012015_ISO_140012015_IQNet-sqs-iqnet-certificate-iso-9001-2015.pdf,,,fileName
f24b47271fe28b3e2a893021bb7548fff59a72fa67edc220f18c580652b02593,,Integrated Report,,2022-04-01,"fileName,publicationDate"
f2647f2cfc81629c4382d786b665f2a0eb17b876aa50b59fe19cfcb1163acd4b,,Integrated Report,,2022-03-22,"fileName,publicationDate"
f2804cc802f234b0b55e6e95e82e1350fbd2a4e82aca42ddcbacde3846529540,,Sustainability Report,,,fileName
f2a829894d56a4834448fcb585587b500127fcc1beff5ea0c13688c803036b19,c02-code-of-business-conduct.pdf,,,2024-08-24,publicationDate
f2ce63db15cca7e576f0f35a8d636332c69a5009ec562ea4d74631ae91371918,,Annual Report,,2022-04-13,"fileName,publicationDate"
f2d08a28951c65a8bcb9c447375c63fa422c99270bda3292d20cd3779936f548,,2023-2024-en-edenred-integrated-report.pdf,,,fileName
f2d743ad953a7bd60801a8a4ae375dd2a4659113a968e0643ee1def08f4d5223,,Annual Report,,2022-03-22,"fileName,publicationDate"
f3232ae3d1b51c279c248047251407935ed85709b2b974b0eaee2ff59aae1cd4,,Integrated Report,,2022-04-28,"fileName,publicationDate"
f346ba63d9df9933caea1d438674468345872a07f979fa33256fcf2f6108f7e1,,2023_UK_Gender_Pay_Report.pdf,,,fileName
f36f0c15446563fc763b69f163b54c4b307ba15bf9204b07c8a9abbc4debef73,,0.2_BCG_v6.4_en.pdf,,,fileName
f40215f095035613aaf804e2a05b36cc8d2232c510c14ea5bf8dda37a50c5de4,,Annual Report,,1970-01-01,"fileName,publicationDate"
f4040f6eab2d08bf1cfb1aaa3791e7be7242cd5c419d913576977312141bad8e,,EDAG_Verhaltenskodex.pdf,,,fileName
f40e0161e7189be7955b068b74da10fb2462c30df8d50817691575166eeb8661,,NASDAQ_KHC_2023.pdf,,,fileName
f4376ff2e85689d35c6d18b14825ce809e0817d6c29652ac2e8d150074974952,,SCOR_activity-report_2022.pdf,,,fileName
f455efeab1f78c1570120c5f35696aa22785779f22d6c0e1990ba527e31713b0,,Sustainability Report,,,fileName
f4d7b1483a547e02cea08ccca9beda6b005631a4b5bd529999d557acec6518a0,Telstra-Human-Rights-and-Modern-Slavery-Act-Statement-2023.pdf,,,2023-08-30,publicationDate
f5329d3f6a163e00869626e5d443c89d0b541c7d65df0c61aa8a10ecb5ea8614,Supplier-Code-of-Conduct-2021.pdf,,,2021-01-27,publicationDate
f5396c7f36a895f9e289d1c618f58f6484ea50b7f14b7a8fbddde9eed6cec1d2,,CREDITMUTUELARKEA-96950041VJ1QP0B69503-2023-other,,,fileName
f5408cfa220296230c8650118187aff5fe23aff653e639a581b3f48b9f845928,,Annual Report,,2022-06-09,"fileName,publicationDate"
f57d63ef1985dc63b747fe98fdeb44819e0f971c4501ab1734d3fd4e47dcc588,,Annual Report,,2022-04-07,"fileName,publicationDate"
f619baff371abdff259aaa263b4ae80c277fbf17f7ba893514d2f9c71f58343f,,Annual Report,,2022-05-02,"fileName,publicationDate"
f6278a577fcfe34e5f3b71503335a0df5ee805752199c79b3c26fc17f0158c3d,,Annual Report,,,fileName
f6623e35e1bc2cee045cecdf82fcb8fc35817ebcd1e5f7e0feee03b1f1bff7b2,,Finance BV Annual Report 2023 (inc auditors report).pdf.downloadasset.pdf,,,fileName
f6723f76541cdb1e5ee5ecc561976a127a44b9488cb47aba1f732882382163e3,,tsla-20231231-gen.pdf,,,fileName
f6ff4fb5f8371f9c99eaaff55af1b773aee367c19a857e838d294f824d898e61,,Sustainability Report,,2022-03-28,"fileName,publicationDate"
f72c6b693be2188d079874b3953890d3d0a8fa471bfdcb16d8af0b8434e453be,,Annual Report,,2022-06-29,"fileName,publicationDate"
f7417419982d18694914e780049df57b65f0ac3040d0b4e6e6f9d0a5e1929373,,Integrated Report,,2022-04-26,"fileName,publicationDate"
f783ac3d652afa87dff03fad97b8e2424f4c54a6e7b50e25b82e238caae41e36,,Annual Report,,2022-04-19,"fileName,publicationDate"
f7bf969fb09761ee38f82320c798ae733e4c31db75a00aeae1c9e9f460efd7b5,,Annual Report,,,fileName
f835727f62ef2861f778f86b58249e9f5e7b9bc8f295d42b8b9b244e224e4691,,Expeditors _ Board of Directors.pdf,,,fileName
f873cf0d7624ce3b22fe6263a1559b6c6954aaaa342f945448219fc241416db5,,TAXONOMY_2023_DNK_Concordia_Versicherungen.pdf,,,fileName
f8792b404cb97a83d6bdae9fae04633c0aaeb7e9919a6530367efa89612b66f6,,SustainableBondFramework.pdf,,,fileName
f88891cb7032c150c3226f1b83b3d7aea6545d808e2f115fc25c1fdcabe45c9a,,Annual Report,,2022-02-10,"fileName,publicationDate"
f8b6dcb917a285f4f0c4f9982900ca172a819659bbde17fe1ee20a12c3d2de14,,Annual Report,,,fileName
f8d4433287b3b681ae045d1612442021e31a0f424bf7e41547c55537f773c4f1,,20240328-eon-international-finance-annual-report-2023.pdf,,,fileName
f9aefce82b375195992e9211004d2558a06b00cc029e0620ba1ca171ae0fafc0,environmental-management-policy.pdf,,,2024-11-13,publicationDate
f9b6a3f078158297ef2b99a97fdd465f4d7d2755124416189ed22209210f0b52,,Annual Report,,2022-04-06,"fileName,publicationDate"
f9e16f4433bc4b12715116861ec36b53a5b2300cb83eb284b5fa06402d2deba2,,Annual Report,,,fileName
f9fea4b5d1c0c7c1656858246394dcac97fa9ab20b43957fd90bcfe0177490b8,,ibb-jahresabschluss-und-lagebericht-2023.pdf,,,fileName
fa61cb1e4699a6d58d22bbad9a22442071e9a2b20a843b786d514a1e66d81795,,2023-Annual-Report-Master-from-10-K-web-ready-032524.pdf,,,fileName
fa8d57016076b19d8539e6bbb2cb12f791d4b3ee1f4db3a6635c965a958b0793,,Integrated Report,,2022-07-25,"fileName,publicationDate"
fa97302c00c4dd49bfc1ae2f4894d6db88ff3c3d725a1412e4dd5519afd5ec78,,Fresenius SE & Co. KGaA/ESG_Performance_Data.pdf,,,fileName
fae530c8f2431b21c95ef74da180bfcf73a10f719fd64afd88935895bca2dd73,,Cognex-Code-of-Business-Conduct-and-Ethics-as-of-4-21-2020.pdf,,,fileName
faf54b8d62339d7832e58b3bb0500098d64707e745f1dc901c9c8ae392e40c57,,Anti-Corruption-and-Anti-Bribery-Policy.pdf,,,fileName
fb8de6d31c3edf7bb546431c04d8d7dc2ef80e25a27e0ff0846cd1fb5d123302,,Annual Report,,2022-01-15,"fileName,publicationDate"
fc08ab6e2d92d03751054adda9e40eb3c7ed5d6c22b4096ad300738af8b46cea,,Moodys-Human-rights-statement.pdf,,,fileName
fc1dad584b65aef8cc37de9652ab85a4bbe981f7b0e97121659c2a46b18c8188,,Annual Report,,,fileName
fc24ffbe0b0835e2902a9c796db11171b6b97dae42664e7c319976b1adc682cb,,Integrated Report,,,fileName
fc3d9ca2a54b093d61b1563ccd705c458a53e267bf9457decfc98ba42a1d5261,,Annual Report,,2022-04-29,"fileName,publicationDate"
fc553e0bda8590b6c3156e06448569883c214d57c3d4df719390e4c50244aa45,,Annual Report,,,fileName
fc6af4bae02bca7570e67713cb573e66303ad761871420814fdfaab4556e9582,,Annual Report,,2022-08-01,"fileName,publicationDate"
fc7b6267f4d7b11aecbf0fa704282d40e7e7e1b6e14163a7947863f10ffc6797,,DE000A1PHBB5_IntegratedReport,,,fileName
fca635980309e122e3e177cd6c6cf81c4ad988b2e7b0dffcda1ecabafa9ba578,,Annual Report,,2022-01-31,"fileName,publicationDate"
fca976678323a1d3f65730cf18452b2b5fd063b880888ccced4faf99ec2e0739,,TAXONOMY_Annual Report 2022.pdf,,,fileName
fcaed0b81dbed103b10a2a68781a73cacfe8ef83d91f97c7ac40c302fccf46fd,,Annual Report,,2022-04-21,"fileName,publicationDate"
fcb3bbb9946414a2e0a162ac8ea41a499afd1723352b90d3d6fdbae2fcc2633e,,Integrated Report,,2022-04-04,"fileName,publicationDate"
fcd25911a97473a1ee74e112abd2c092b3e56b60cc659ade335714eaa30f15b6,C07-EnviroPolicy_9FEB2022.pdf,,,2022-02-09,publicationDate
fce1cc0eda6ac0f10e31dbc650baec818c7d6eda6333c1c894d3a803acdfa158,,Annual Report,,2022-04-27,"fileName,publicationDate"
fd0b0d3bcb44499244c3f154eac25655c15406dada4438e256f41593415049de,,Annual Report,,,fileName
fd4a44864c0227f4f2513c41b47d8ccca76287a84b1c98ce7f82a993d506893b,,CG_e.pdf,,,fileName
fd5994868ee741178fbcef5792600f072daae295a8ab0a7f29da0e1662929506,English_2023-2024-Code-of-Ethics.pdf,,,2024-01-31,publicationDate
fd9559e4574210dd6d521ca3ba7a6f6915059cb314ec1563ff8313cbbfd4ac9f,,7C Solarparken AG/202402 Entsprechenserklaerung 2024_DE.pdf,,,fileName
fdb1c6e20720fe8836a0bac6e5b3abbe4c732631e614b03cb24c313539088dc7,,Integrated Report,,,fileName
fdb4f66be945ae1cc0e3a7526b3acbbc21da016f2209109bff4e49a2e6c1aedb,,VAT Group AG/231206_Code-of-Conduct-VAT-AG-EN.pdf,,,fileName
fdcc4936eba612f71f9a2bd7041d12a28b0a576f2700503bbeffeabcd6c1dc52,,Annual Report,,,fileName
fdd3c2da83ca2cbd2b3892ac63e9b7f1a6124e0ebd65d190b2c75cb2b10db218,,Aurubis_Nachhaltigkeitsbericht_2023.pdf,,,fileName
fdf66f88ac24ce17035749f14fc6b4a9e054cb3a0b0f3c3afc0a18e2d606ba42,,RCBCP2023EN.pdf,,,fileName
fe0c15e058772d2721299ce126f751a1df82c065ba2efef3dacb89a03530b653,,blackrock-australia-modern-slavery-statement.pdf,,,fileName
fe6a60d860f708a81538caba93d5a85d818ddee942eca9fe2b79b1c628ae62f6,,Annual Report,,2021-12-23,"fileName,publicationDate"
fe7cf3c6056385dd3e80860c8fea4229278fb03e7c695f9d47022c23f54fd4a5,,GLEN_2023-Modern-Slavery-Statement.pdf,,,fileName
fe83badd36ca08d036404d40731abbe16e1fd39802ccf57e3491e82fec32f214,,additional-ide-metrics.pdf,,,fileName
fe8d93e55b0592ef0ebddf45dd44a956cd7cee17c021e310f0dcc5e53cc0c559,,"Tatra banka, a.s./esg-deposittb-framework.pdf",,,fileName
fe8edfc661adad52e87b93fb5f810f9c82244c17d497d0a3a9a0ba14d41a8c98,,TAXONOMY_Daimler Truck Annual Report 2023 Taxonomy.pdf,,,fileName
feb145b250b6e514f35c078d8ce0e459affe0939d44888012d1d143d63175931,,Annual Report,,1970-01-01,"fileName,publicationDate"
fecbf3c573c8175716e659649a2eb3a9b4d2725d60d39558f61d404258f519f7,,Integrated Report,,,fileName
fee564c2ee0bba098ce51e84edcd364879742c31a00908cf9786674e9ea8c619,,PUBLICIS GROUPE SA/HR_General_Policies_&_Rules.pdf,,,fileName
ff2ab36aebe3ca6295dc32f842bd44a65c67f4f719f9ea2dda49479b3a3d4565,Human and labor rights Carrefour 2022 (1).pdf,,,2023-06-22,publicationDate
ff2e6c5d8db2970a06c92be7b1584edcabac63b96fe47634cdce9c2547b409d2,,Annual Report,,,fileName
ff6cb3d74a993deac9c852d26855a07099402d30ba5063e3055d5534f0f10d3d,,Annual Report,,2022-03-08,"fileName,publicationDate"
ff88484b38e1ea8f4310d3e52711b57215a5413ce27bbd3b39e72d1d801ace5c,,Code of Conduct_English.pdf,,,fileName
ffa90c03e5019d28811e1543785d8fecd6e7ed9631cab3854839097b468299c4,,Annual Report,,2022-03-09,"fileName,publicationDate"
